2022-11-15 21:56:04 , %d format: a number is required, not NoneType
2022-11-17 17:02:19 , (1054, "Unknown column 'payload_forkee_full_name' in 'field list'")
2022-11-17 17:24:47 , %d format: a number is required, not NoneType
2022-11-23 17:52:51 , pr_number:13 ÇëÇó×´Ì¬ÂëÏìÓ¦´íÎó-401
2022-11-23 17:52:57 , pr_number:38 ÇëÇó×´Ì¬ÂëÏìÓ¦´íÎó-401
2022-11-23 17:53:05 , pr_number:55 ÇëÇó×´Ì¬ÂëÏìÓ¦´íÎó-401
2022-11-23 17:53:06 , pr_number:60 ÇëÇó×´Ì¬ÂëÏìÓ¦´íÎó-401
2022-11-23 17:53:06 , pr_number:87 ÇëÇó×´Ì¬ÂëÏìÓ¦´íÎó-401
2022-11-23 17:53:07 , pr_number:90 ÇëÇó×´Ì¬ÂëÏìÓ¦´íÎó-401
2022-11-23 17:53:07 , pr_number:99 ÇëÇó×´Ì¬ÂëÏìÓ¦´íÎó-401
2022-11-23 17:53:08 , pr_number:102 ÇëÇó×´Ì¬ÂëÏìÓ¦´íÎó-401
2022-11-23 19:09:11 , pr_number:13¸üĞÂÊı¾İ¿âÊ§°Ü
2022-11-23 19:11:06 , pr_number:13¸üĞÂÊı¾İ¿âÊ§°Ü
2022-11-23 22:18:24 , pr_number:27645 ÇëÇó×´Ì¬ÂëÏìÓ¦´íÎó-401
2022-11-23 22:18:25 , pr_number:27648 ÇëÇó×´Ì¬ÂëÏìÓ¦´íÎó-401
2022-11-23 22:18:25 , pr_number:27650 ÇëÇó×´Ì¬ÂëÏìÓ¦´íÎó-401
2022-11-23 22:18:26 , pr_number:27655 ÇëÇó×´Ì¬ÂëÏìÓ¦´íÎó-401
2022-11-23 22:18:26 , pr_number:27656 ÇëÇó×´Ì¬ÂëÏìÓ¦´íÎó-401
2022-11-23 22:18:27 , pr_number:27658 ÇëÇó×´Ì¬ÂëÏìÓ¦´íÎó-401
2022-11-23 22:18:27 , pr_number:27659 ÇëÇó×´Ì¬ÂëÏìÓ¦´íÎó-401
2022-11-23 22:18:28 , pr_number:27661 ÇëÇó×´Ì¬ÂëÏìÓ¦´íÎó-401
2022-11-23 22:18:28 , pr_number:27666 ÇëÇó×´Ì¬ÂëÏìÓ¦´íÎó-401
2022-11-23 22:18:29 , pr_number:27670 ÇëÇó×´Ì¬ÂëÏìÓ¦´íÎó-401
2022-11-23 22:18:29 , pr_number:27675 ÇëÇó×´Ì¬ÂëÏìÓ¦´íÎó-401
2022-11-23 22:18:30 , pr_number:27676 ÇëÇó×´Ì¬ÂëÏìÓ¦´íÎó-401
2022-11-23 22:18:30 , pr_number:27677 ÇëÇó×´Ì¬ÂëÏìÓ¦´íÎó-401
2022-11-23 22:18:31 , pr_number:27678 ÇëÇó×´Ì¬ÂëÏìÓ¦´íÎó-401
2022-11-23 22:18:31 , pr_number:27682 ÇëÇó×´Ì¬ÂëÏìÓ¦´íÎó-401
2022-11-23 22:18:32 , pr_number:27694 ÇëÇó×´Ì¬ÂëÏìÓ¦´íÎó-401
2022-11-23 22:18:32 , pr_number:27698 ÇëÇó×´Ì¬ÂëÏìÓ¦´íÎó-401
2022-11-23 22:18:33 , pr_number:27699 ÇëÇó×´Ì¬ÂëÏìÓ¦´íÎó-401
2022-11-23 22:18:33 , pr_number:27700 ÇëÇó×´Ì¬ÂëÏìÓ¦´íÎó-401
2022-11-23 22:18:34 , pr_number:27702 ÇëÇó×´Ì¬ÂëÏìÓ¦´íÎó-401
2022-11-23 22:18:34 , pr_number:27710 ÇëÇó×´Ì¬ÂëÏìÓ¦´íÎó-401
2022-11-23 22:18:35 , pr_number:27712 ÇëÇó×´Ì¬ÂëÏìÓ¦´íÎó-401
2022-11-23 22:18:35 , pr_number:27717 ÇëÇó×´Ì¬ÂëÏìÓ¦´íÎó-401
2022-11-23 22:18:36 , pr_number:27718 ÇëÇó×´Ì¬ÂëÏìÓ¦´íÎó-401
2022-11-23 22:18:36 , pr_number:27721 ÇëÇó×´Ì¬ÂëÏìÓ¦´íÎó-401
2022-11-23 22:18:37 , pr_number:27722 ÇëÇó×´Ì¬ÂëÏìÓ¦´íÎó-401
2022-11-23 22:18:37 , pr_number:27723 ÇëÇó×´Ì¬ÂëÏìÓ¦´íÎó-401
2022-11-23 22:18:38 , pr_number:27727 ÇëÇó×´Ì¬ÂëÏìÓ¦´íÎó-401
2022-11-23 22:18:38 , pr_number:27729 ÇëÇó×´Ì¬ÂëÏìÓ¦´íÎó-401
2022-11-23 22:18:39 , pr_number:27731 ÇëÇó×´Ì¬ÂëÏìÓ¦´íÎó-401
2022-11-23 22:18:39 , pr_number:27733 ÇëÇó×´Ì¬ÂëÏìÓ¦´íÎó-401
2022-11-23 22:18:40 , pr_number:27734 ÇëÇó×´Ì¬ÂëÏìÓ¦´íÎó-401
2022-11-23 22:18:40 , pr_number:27735 ÇëÇó×´Ì¬ÂëÏìÓ¦´íÎó-401
2022-11-23 22:18:41 , pr_number:27736 ÇëÇó×´Ì¬ÂëÏìÓ¦´íÎó-401
2022-11-23 22:18:42 , pr_number:27737 ÇëÇó×´Ì¬ÂëÏìÓ¦´íÎó-401
2022-11-23 22:18:42 , pr_number:27738 ÇëÇó×´Ì¬ÂëÏìÓ¦´íÎó-401
2022-11-23 22:18:43 , pr_number:27740 ÇëÇó×´Ì¬ÂëÏìÓ¦´íÎó-401
2022-11-23 22:18:43 , pr_number:27745 ÇëÇó×´Ì¬ÂëÏìÓ¦´íÎó-401
2022-11-23 22:18:44 , pr_number:27751 ÇëÇó×´Ì¬ÂëÏìÓ¦´íÎó-401
2022-11-23 22:18:44 , pr_number:27755 ÇëÇó×´Ì¬ÂëÏìÓ¦´íÎó-401
2022-11-23 22:18:45 , pr_number:27756 ÇëÇó×´Ì¬ÂëÏìÓ¦´íÎó-401
2022-11-23 22:18:45 , pr_number:27758 ÇëÇó×´Ì¬ÂëÏìÓ¦´íÎó-401
2022-11-23 22:18:46 , pr_number:27762 ÇëÇó×´Ì¬ÂëÏìÓ¦´íÎó-401
2022-11-23 22:18:46 , pr_number:27764 ÇëÇó×´Ì¬ÂëÏìÓ¦´íÎó-401
2022-11-23 22:18:47 , pr_number:27767 ÇëÇó×´Ì¬ÂëÏìÓ¦´íÎó-401
2022-11-23 22:18:47 , pr_number:27768 ÇëÇó×´Ì¬ÂëÏìÓ¦´íÎó-401
2022-11-23 22:18:48 , pr_number:27771 ÇëÇó×´Ì¬ÂëÏìÓ¦´íÎó-401
2022-11-23 22:18:48 , pr_number:27772 ÇëÇó×´Ì¬ÂëÏìÓ¦´íÎó-401
2022-11-23 22:18:49 , pr_number:27773 ÇëÇó×´Ì¬ÂëÏìÓ¦´íÎó-401
2022-11-23 22:18:49 , pr_number:27774 ÇëÇó×´Ì¬ÂëÏìÓ¦´íÎó-401
2022-11-23 22:18:50 , pr_number:27775 ÇëÇó×´Ì¬ÂëÏìÓ¦´íÎó-401
2022-11-23 22:18:50 , pr_number:27779 ÇëÇó×´Ì¬ÂëÏìÓ¦´íÎó-401
2022-11-23 22:18:51 , pr_number:27782 ÇëÇó×´Ì¬ÂëÏìÓ¦´íÎó-401
2022-11-23 22:18:51 , pr_number:27783 ÇëÇó×´Ì¬ÂëÏìÓ¦´íÎó-401
2022-11-23 22:18:52 , pr_number:27784 ÇëÇó×´Ì¬ÂëÏìÓ¦´íÎó-401
2022-11-23 22:18:52 , pr_number:27793 ÇëÇó×´Ì¬ÂëÏìÓ¦´íÎó-401
2022-11-23 22:18:53 , pr_number:27795 ÇëÇó×´Ì¬ÂëÏìÓ¦´íÎó-401
2022-11-23 22:18:53 , pr_number:27797 ÇëÇó×´Ì¬ÂëÏìÓ¦´íÎó-401
2022-11-23 22:18:54 , pr_number:27798 ÇëÇó×´Ì¬ÂëÏìÓ¦´íÎó-401
2022-11-23 22:18:54 , pr_number:27799 ÇëÇó×´Ì¬ÂëÏìÓ¦´íÎó-401
2022-11-23 22:18:55 , pr_number:27800 ÇëÇó×´Ì¬ÂëÏìÓ¦´íÎó-401
2022-11-23 22:18:55 , pr_number:27801 ÇëÇó×´Ì¬ÂëÏìÓ¦´íÎó-401
2022-11-23 22:18:56 , pr_number:27803 ÇëÇó×´Ì¬ÂëÏìÓ¦´íÎó-401
2022-11-23 22:18:56 , pr_number:27805 ÇëÇó×´Ì¬ÂëÏìÓ¦´íÎó-401
2022-11-23 22:18:57 , pr_number:27810 ÇëÇó×´Ì¬ÂëÏìÓ¦´íÎó-401
2022-11-23 22:18:57 , pr_number:27812 ÇëÇó×´Ì¬ÂëÏìÓ¦´íÎó-401
2022-11-23 22:18:58 , pr_number:27814 ÇëÇó×´Ì¬ÂëÏìÓ¦´íÎó-401
2022-11-23 22:18:58 , pr_number:27818 ÇëÇó×´Ì¬ÂëÏìÓ¦´íÎó-401
2022-11-23 22:18:59 , pr_number:27821 ÇëÇó×´Ì¬ÂëÏìÓ¦´íÎó-401
2022-11-23 22:18:59 , pr_number:27825 ÇëÇó×´Ì¬ÂëÏìÓ¦´íÎó-401
2022-11-23 22:19:00 , pr_number:27834 ÇëÇó×´Ì¬ÂëÏìÓ¦´íÎó-401
2022-11-23 22:19:00 , pr_number:27835 ÇëÇó×´Ì¬ÂëÏìÓ¦´íÎó-401
2022-11-23 22:19:01 , pr_number:27837 ÇëÇó×´Ì¬ÂëÏìÓ¦´íÎó-401
2022-11-23 22:19:01 , pr_number:27838 ÇëÇó×´Ì¬ÂëÏìÓ¦´íÎó-401
2022-11-23 22:19:02 , pr_number:27849 ÇëÇó×´Ì¬ÂëÏìÓ¦´íÎó-401
2022-11-23 22:19:02 , pr_number:27851 ÇëÇó×´Ì¬ÂëÏìÓ¦´íÎó-401
2022-11-23 22:19:03 , pr_number:27859 ÇëÇó×´Ì¬ÂëÏìÓ¦´íÎó-401
2022-11-23 22:19:03 , pr_number:27863 ÇëÇó×´Ì¬ÂëÏìÓ¦´íÎó-401
2022-11-23 22:19:04 , pr_number:27864 ÇëÇó×´Ì¬ÂëÏìÓ¦´íÎó-401
2022-11-23 22:19:04 , pr_number:27865 ÇëÇó×´Ì¬ÂëÏìÓ¦´íÎó-401
2022-11-23 22:19:05 , pr_number:27866 ÇëÇó×´Ì¬ÂëÏìÓ¦´íÎó-401
2022-11-23 22:19:05 , pr_number:27867 ÇëÇó×´Ì¬ÂëÏìÓ¦´íÎó-401
2022-11-23 22:19:06 , pr_number:27869 ÇëÇó×´Ì¬ÂëÏìÓ¦´íÎó-401
2022-11-23 22:19:07 , pr_number:27870 ÇëÇó×´Ì¬ÂëÏìÓ¦´íÎó-401
2022-11-23 22:19:07 , pr_number:27871 ÇëÇó×´Ì¬ÂëÏìÓ¦´íÎó-401
2022-11-23 22:19:08 , pr_number:27873 ÇëÇó×´Ì¬ÂëÏìÓ¦´íÎó-401
2022-11-23 22:19:08 , pr_number:27876 ÇëÇó×´Ì¬ÂëÏìÓ¦´íÎó-401
2022-11-23 22:19:09 , pr_number:27878 ÇëÇó×´Ì¬ÂëÏìÓ¦´íÎó-401
2022-11-23 22:19:09 , pr_number:27881 ÇëÇó×´Ì¬ÂëÏìÓ¦´íÎó-401
2022-11-23 22:19:10 , pr_number:27884 ÇëÇó×´Ì¬ÂëÏìÓ¦´íÎó-401
2022-11-23 22:19:10 , pr_number:27891 ÇëÇó×´Ì¬ÂëÏìÓ¦´íÎó-401
2022-11-23 22:19:11 , pr_number:27898 ÇëÇó×´Ì¬ÂëÏìÓ¦´íÎó-401
2022-11-23 22:19:11 , pr_number:27901 ÇëÇó×´Ì¬ÂëÏìÓ¦´íÎó-401
2022-11-23 22:19:12 , pr_number:27905 ÇëÇó×´Ì¬ÂëÏìÓ¦´íÎó-401
2022-11-23 22:19:12 , pr_number:27907 ÇëÇó×´Ì¬ÂëÏìÓ¦´íÎó-401
2022-11-23 22:19:13 , pr_number:27908 ÇëÇó×´Ì¬ÂëÏìÓ¦´íÎó-401
2022-11-23 22:19:13 , pr_number:27911 ÇëÇó×´Ì¬ÂëÏìÓ¦´íÎó-401
2022-11-23 22:19:14 , pr_number:27914 ÇëÇó×´Ì¬ÂëÏìÓ¦´íÎó-401
2022-11-23 22:19:14 , pr_number:27919 ÇëÇó×´Ì¬ÂëÏìÓ¦´íÎó-401
2022-11-23 22:19:15 , pr_number:27922 ÇëÇó×´Ì¬ÂëÏìÓ¦´íÎó-401
2022-11-23 22:19:15 , pr_number:27925 ÇëÇó×´Ì¬ÂëÏìÓ¦´íÎó-401
2022-11-23 22:19:16 , pr_number:27928 ÇëÇó×´Ì¬ÂëÏìÓ¦´íÎó-401
2022-11-23 22:19:16 , pr_number:27930 ÇëÇó×´Ì¬ÂëÏìÓ¦´íÎó-401
2022-11-23 22:19:17 , pr_number:27933 ÇëÇó×´Ì¬ÂëÏìÓ¦´íÎó-401
2022-11-23 22:19:17 , pr_number:27934 ÇëÇó×´Ì¬ÂëÏìÓ¦´íÎó-401
2022-11-23 22:19:18 , pr_number:27945 ÇëÇó×´Ì¬ÂëÏìÓ¦´íÎó-401
2022-11-23 22:19:18 , pr_number:27946 ÇëÇó×´Ì¬ÂëÏìÓ¦´íÎó-401
2022-11-23 22:19:19 , pr_number:27947 ÇëÇó×´Ì¬ÂëÏìÓ¦´íÎó-401
2022-11-23 22:19:19 , pr_number:27950 ÇëÇó×´Ì¬ÂëÏìÓ¦´íÎó-401
2022-11-23 22:19:20 , pr_number:27957 ÇëÇó×´Ì¬ÂëÏìÓ¦´íÎó-401
2022-11-23 22:19:20 , pr_number:27958 ÇëÇó×´Ì¬ÂëÏìÓ¦´íÎó-401
2022-11-23 22:19:21 , pr_number:27959 ÇëÇó×´Ì¬ÂëÏìÓ¦´íÎó-401
2022-11-23 22:19:21 , pr_number:27960 ÇëÇó×´Ì¬ÂëÏìÓ¦´íÎó-401
2022-11-23 22:19:22 , pr_number:27962 ÇëÇó×´Ì¬ÂëÏìÓ¦´íÎó-401
2022-11-23 22:19:22 , pr_number:27963 ÇëÇó×´Ì¬ÂëÏìÓ¦´íÎó-401
2022-11-23 22:19:23 , pr_number:27964 ÇëÇó×´Ì¬ÂëÏìÓ¦´íÎó-401
2022-11-23 22:19:23 , pr_number:27966 ÇëÇó×´Ì¬ÂëÏìÓ¦´íÎó-401
2022-11-23 22:19:24 , pr_number:27968 ÇëÇó×´Ì¬ÂëÏìÓ¦´íÎó-401
2022-11-23 22:19:24 , pr_number:27969 ÇëÇó×´Ì¬ÂëÏìÓ¦´íÎó-401
2022-11-23 22:19:25 , pr_number:27973 ÇëÇó×´Ì¬ÂëÏìÓ¦´íÎó-401
2022-11-24 11:50:16 , (1062, "Duplicate entry '19057921853' for key 'PRIMARY'")
2022-11-24 11:54:16 , (1062, "Duplicate entry '18264247842' for key 'PRIMARY'")
2022-11-25 11:54:54 , (1062, "Duplicate entry '16620633972' for key 'PRIMARY'")
2022-11-25 14:18:13 , (1062, "Duplicate entry '19057921853' for key 'PRIMARY'")
2022-11-25 14:20:43 , (1062, "Duplicate entry '19057921853' for key 'PRIMARY'")
2022-11-25 14:21:49 , (1062, "Duplicate entry '18264247842' for key 'PRIMARY'")
2022-11-25 14:34:33 , (1062, "Duplicate entry '14691198287' for key 'PRIMARY'")
2022-11-25 14:34:33 , (1062, "Duplicate entry '14693435838' for key 'PRIMARY'")
2022-11-25 14:34:34 , (1062, "Duplicate entry '14708982960' for key 'PRIMARY'")
2022-11-25 14:34:34 , (1062, "Duplicate entry '14734216895' for key 'PRIMARY'")
2022-11-25 14:34:34 , (1062, "Duplicate entry '14737156000' for key 'PRIMARY'")
2022-11-25 14:34:34 , (1062, "Duplicate entry '14783552317' for key 'PRIMARY'")
2022-11-25 14:34:34 , (1062, "Duplicate entry '14793025370' for key 'PRIMARY'")
2022-11-25 14:34:34 , (1062, "Duplicate entry '14822496059' for key 'PRIMARY'")
2022-11-25 14:34:34 , (1062, "Duplicate entry '14827215715' for key 'PRIMARY'")
2022-11-25 14:34:35 , (1062, "Duplicate entry '14951517573' for key 'PRIMARY'")
2022-11-25 14:47:11 , (1062, "Duplicate entry '14691198287' for key 'PRIMARY'")
2022-11-25 14:55:38 , (1062, "Duplicate entry '14691345457' for key 'PRIMARY'")
2022-11-25 14:55:38 , (1062, "Duplicate entry '14719429391' for key 'PRIMARY'")
2022-11-25 14:55:38 , (1062, "Duplicate entry '14797979988' for key 'PRIMARY'")
2022-11-25 14:55:39 , (1062, "Duplicate entry '14817586683' for key 'PRIMARY'")
2022-11-25 14:55:39 , (1062, "Duplicate entry '14836260394' for key 'PRIMARY'")
2022-11-28 23:04:35 , (1062, "Duplicate entry '14684496970' for key 'PRIMARY'")
2022-11-28 23:04:35 , (1062, "Duplicate entry '14691608463' for key 'PRIMARY'")
2022-11-28 23:04:35 , (1062, "Duplicate entry '14694922914' for key 'PRIMARY'")
2022-11-28 23:04:35 , (1062, "Duplicate entry '14706833034' for key 'PRIMARY'")
2022-11-28 23:04:35 , (1062, "Duplicate entry '14713538978' for key 'PRIMARY'")
2022-11-28 23:04:36 , (1062, "Duplicate entry '14726222927' for key 'PRIMARY'")
2022-11-28 23:04:36 , (1062, "Duplicate entry '14749348702' for key 'PRIMARY'")
2022-11-28 23:04:36 , (1062, "Duplicate entry '14757045269' for key 'PRIMARY'")
2022-11-28 23:04:36 , (1062, "Duplicate entry '14762999857' for key 'PRIMARY'")
2022-11-28 23:04:36 , (1062, "Duplicate entry '14770033412' for key 'PRIMARY'")
2022-11-28 23:04:36 , (1062, "Duplicate entry '14774132411' for key 'PRIMARY'")
2022-11-28 23:04:36 , (1062, "Duplicate entry '14790416570' for key 'PRIMARY'")
2022-11-28 23:04:36 , (1062, "Duplicate entry '14798699848' for key 'PRIMARY'")
2022-11-28 23:04:36 , (1062, "Duplicate entry '14823613003' for key 'PRIMARY'")
2022-11-28 23:04:36 , (1062, "Duplicate entry '14833662425' for key 'PRIMARY'")
2022-11-28 23:04:36 , (1062, "Duplicate entry '14839711807' for key 'PRIMARY'")
2022-11-28 23:04:37 , (1062, "Duplicate entry '14844809117' for key 'PRIMARY'")
2022-11-28 23:04:37 , (1062, "Duplicate entry '14850305308' for key 'PRIMARY'")
2022-11-28 23:04:37 , (1062, "Duplicate entry '14872200074' for key 'PRIMARY'")
2022-11-28 23:04:37 , (1062, "Duplicate entry '14879094744' for key 'PRIMARY'")
2022-11-28 23:04:37 , (1062, "Duplicate entry '14892726193' for key 'PRIMARY'")
2022-11-28 23:04:37 , (1062, "Duplicate entry '14916142054' for key 'PRIMARY'")
2022-11-28 23:04:37 , (1062, "Duplicate entry '14920138408' for key 'PRIMARY'")
2022-11-28 23:04:37 , (1062, "Duplicate entry '14927221988' for key 'PRIMARY'")
2022-11-28 23:04:37 , (1062, "Duplicate entry '14938553850' for key 'PRIMARY'")
2022-11-28 23:04:37 , (1062, "Duplicate entry '14957211479' for key 'PRIMARY'")
2022-11-28 23:04:38 , (1062, "Duplicate entry '14961855641' for key 'PRIMARY'")
2022-11-28 23:04:38 , (1062, "Duplicate entry '14984326408' for key 'PRIMARY'")
2022-11-28 23:04:38 , (1062, "Duplicate entry '14990024717' for key 'PRIMARY'")
2022-11-28 23:04:38 , (1062, "Duplicate entry '15002354460' for key 'PRIMARY'")
2022-11-28 23:04:38 , (1062, "Duplicate entry '15011391936' for key 'PRIMARY'")
2022-11-28 23:06:49 , (1062, "Duplicate entry '14691198287' for key 'PRIMARY'")
2022-11-28 23:06:49 , (1062, "Duplicate entry '14693435838' for key 'PRIMARY'")
2022-11-28 23:06:49 , (1062, "Duplicate entry '14708982925' for key 'PRIMARY'")
2022-11-28 23:06:49 , (1062, "Duplicate entry '14734216895' for key 'PRIMARY'")
2022-11-28 23:06:49 , (1062, "Duplicate entry '14737156000' for key 'PRIMARY'")
2022-11-28 23:06:50 , (1062, "Duplicate entry '14783552317' for key 'PRIMARY'")
2022-11-28 23:06:50 , (1062, "Duplicate entry '14793025370' for key 'PRIMARY'")
2022-11-28 23:06:50 , (1062, "Duplicate entry '14817586683' for key 'PRIMARY'")
2022-11-28 23:06:50 , (1062, "Duplicate entry '14836260394' for key 'PRIMARY'")
2022-11-28 23:06:51 , (1062, "Duplicate entry '14951517573' for key 'PRIMARY'")
2022-11-29 20:12:46 , (1062, "Duplicate entry '19122267422' for key 'PRIMARY'")
2022-11-29 20:12:46 , (1062, "Duplicate entry '19143461485' for key 'PRIMARY'")
2022-11-29 20:12:47 , (1062, "Duplicate entry '19163160985' for key 'PRIMARY'")
2022-11-29 20:12:47 , (1062, "Duplicate entry '19178958312' for key 'PRIMARY'")
2022-11-29 20:12:47 , (1062, "Duplicate entry '19186556433' for key 'PRIMARY'")
2022-11-29 20:12:48 , (1062, "Duplicate entry '19194492118' for key 'PRIMARY'")
2022-11-29 20:12:48 , (1062, "Duplicate entry '19212986552' for key 'PRIMARY'")
2022-11-29 20:12:49 , (1062, "Duplicate entry '19229401286' for key 'PRIMARY'")
2022-11-29 20:12:50 , (1062, "Duplicate entry '19248424604' for key 'PRIMARY'")
2022-11-29 20:12:50 , (1062, "Duplicate entry '19268206478' for key 'PRIMARY'")
2022-11-29 20:12:50 , (1062, "Duplicate entry '19286911875' for key 'PRIMARY'")
2022-11-29 20:12:50 , (1062, "Duplicate entry '19292804993' for key 'PRIMARY'")
2022-12-08 14:50:08 , not enough arguments for format string
2022-12-08 14:52:35 , (1110, "Column 'committer_email' specified twice")
2022-12-08 14:52:47 , (1110, "Column 'committer_email' specified twice")
2022-12-08 14:53:27 , (1110, "Column 'committer_email' specified twice")
2022-12-08 14:57:54 , (1062, "Duplicate entry 'f654140f7cde4ad4590ff372bfd257e49a9b2dbd' for key 'PRIMARY'")
2022-12-08 15:00:10 , (1062, "Duplicate entry 'f654140f7cde4ad4590ff372bfd257e49a9b2dbd' for key 'PRIMARY'")
2022-12-08 15:01:04 , (1062, "Duplicate entry 'f654140f7cde4ad4590ff372bfd257e49a9b2dbd' for key 'PRIMARY'")2022-12-08 15:01:28 , (1062, "Duplicate entry 'f654140f7cde4ad4590ff372bfd257e49a9b2dbd' for key 'PRIMARY'")2022-12-08 15:11:12 , (1062, "Duplicate entry 'e92801e8848ec8ddcc06d5a77d6857754b64f8d4' for key 'PRIMARY'")2022-12-08 15:11:13 , (1062, "Duplicate entry '3ed57f07adb9ccca0eaaacff0b8e409da9cfc289' for key 'PRIMARY'")2022-12-08 15:13:20 , (1062, "Duplicate entry 'a7b5d06da87689b21399c617890cf4ce2d3b4441' for key 'PRIMARY'")2022-12-08 15:13:22 , (1062, "Duplicate entry '90866e40723dbdfd9091109331fe8ec292081063' for key 'PRIMARY'")2022-12-08 15:13:22 , (1062, "Duplicate entry 'd53b9265775e499044201dbb9b73a0050152a175' for key 'PRIMARY'")2022-12-08 15:13:24 , (1062, "Duplicate entry 'b3c902861c6866c013f9e1134a75cfa26c02d56c' for key 'PRIMARY'")2022-12-08 15:13:25 , (1062, "Duplicate entry '1a324f5c7249fbff56ed0b488d3cb20379a35d92' for key 'PRIMARY'")2022-12-08 15:13:26 , (1062, "Duplicate entry 'be1f6656bf08f449283e9f97b7b588c8b625eed5' for key 'PRIMARY'")2022-12-08 15:13:28 , (1062, "Duplicate entry 'd31fab2d57453403900c296f08de6c2c65cbf282' for key 'PRIMARY'")2022-12-08 15:13:34 , (1062, "Duplicate entry '306b46f7c86df7a8b2cccc5f04cee625675760c8' for key 'PRIMARY'")2022-12-08 15:13:35 , (1062, "Duplicate entry '2be973b172cd48d71b1567dc4085f92570de7d57' for key 'PRIMARY'")2022-12-08 15:15:19 , (1062, "Duplicate entry '4c6a275ff50b349d8bd8161efd91970e21df63d9' for key 'PRIMARY'")2022-12-08 15:15:20 , (1062, "Duplicate entry '03c1ef0005d9b98b5dc2c0793835f0a81aef76c3' for key 'PRIMARY'")2022-12-08 15:15:21 , (1062, "Duplicate entry '2fbca24f8b85526ec4d32d698e0c0dfacd9b7789' for key 'PRIMARY'")2022-12-08 15:15:21 , (1062, "Duplicate entry '39b34273397791adf5572495d5a2db46d03ff95e' for key 'PRIMARY'")2022-12-08 15:15:22 , (1062, "Duplicate entry '9fb619071b7b50feb80219f030f061c5ac4eb172' for key 'PRIMARY'")2022-12-08 15:15:24 , (1062, "Duplicate entry 'a94b4b221e2587ad69ef9bc8d9f723c23843e313' for key 'PRIMARY'")2022-12-08 15:15:25 , (1062, "Duplicate entry 'e0202dbd70dfece105a4794eb7495d243a64f464' for key 'PRIMARY'")2022-12-08 15:15:25 , (1062, "Duplicate entry 'f9d189313fd7254a7cf38f71c3a2ccd424a627a8' for key 'PRIMARY'")2022-12-08 15:16:19 , (1062, "Duplicate entry '5035c862a901a9caae04b967dd8005c69ecdbd8d' for key 'PRIMARY'")2022-12-08 15:17:13 , (1062, "Duplicate entry '9ca5d649983755a36ba1c88df61da8934ada5d1e' for key 'PRIMARY'")2022-12-08 15:37:09 , (1062, "Duplicate entry '9dbcf6d20ecf82c7da8ed59f5cc46a229bebb7a7' for key 'PRIMARY'")2022-12-08 19:46:25 , (1062, "Duplicate entry '50323-75ffc76f6a689eb5d3a4647a155bc462b93ba364' for key 'PRIMARY'")2022-12-08 19:46:25 , (1062, "Duplicate entry '50327-18670dfb2e7a020027b863e1beb216249e2ea198' for key 'PRIMARY'")2022-12-08 19:46:26 , (1062, "Duplicate entry '50327-04d9eec286b7e89a102986b8e406e5675ca0a1d3' for key 'PRIMARY'")2022-12-08 19:46:29 , (1062, "Duplicate entry '50327-858b12b14e5517f9d4c0817d5aeb5778a3aa20b1' for key 'PRIMARY'")2022-12-08 19:46:30 , (1062, "Duplicate entry '50328-c473085823b27ad188fe2f5ab22e84bb4fa2a537' for key 'PRIMARY'")2022-12-08 19:46:31 , (1062, "Duplicate entry '50329-df2411355743b91d59b1c5614cb33f027c9b65e9' for key 'PRIMARY'")2022-12-08 19:46:31 , (1062, "Duplicate entry '50331-1bfe6ca72598cc1b81a1b72900a90ca3669d9b3f' for key 'PRIMARY'")2022-12-08 19:46:32 , (1062, "Duplicate entry '50331-f8d5c999572aff41e3170e459f81a83b89417587' for key 'PRIMARY'")2022-12-08 19:46:32 , (1062, "Duplicate entry '50331-b665652f7274e303b5cb482e5f57f72c030084c7' for key 'PRIMARY'")2022-12-08 19:46:33 , (1062, "Duplicate entry '50331-c66133975ce1bd596db7d9155e331d28c57b6a31' for key 'PRIMARY'")2022-12-08 19:46:34 , (1062, "Duplicate entry '50331-98e3c2645e282bd817b425f97895883ad4deb949' for key 'PRIMARY'")2022-12-08 19:46:36 , (1062, "Duplicate entry '50331-f80926d6c9807a714b6ef5700ee13fe74562cf82' for key 'PRIMARY'")2022-12-08 19:46:37 , (1062, "Duplicate entry '50331-54c829b94cd51fc97c565e846fe49682aaf502e8' for key 'PRIMARY'")2022-12-08 19:46:37 , (1062, "Duplicate entry '50333-b44ad939345188134e11ddacaba64baefb03d7d9' for key 'PRIMARY'")2022-12-08 19:46:38 , (1062, "Duplicate entry '50333-11018fc4c4e40850016968de5d41d39e4ed0b6d5' for key 'PRIMARY'")2022-12-08 19:46:39 , (1062, "Duplicate entry '50333-84c98ffbb19c334a51d6d3ac0bc2d79e796faa99' for key 'PRIMARY'")2022-12-08 19:46:39 , (1062, "Duplicate entry '50337-c716e53fb0ddd95d1561cddbea18f8326298d86a' for key 'PRIMARY'")2022-12-08 19:46:40 , (1062, "Duplicate entry '50337-6f7b9e26112be57007fa84efacfb0e86fc6d87e5' for key 'PRIMARY'")2022-12-08 19:46:41 , (1062, "Duplicate entry '50337-d3b34c6b35cd4894fc8543d4ce27d3bce888bcf2' for key 'PRIMARY'")2022-12-08 19:46:41 , (1062, "Duplicate entry '50339-395b69e69a153da35d8b08409e6972938f262a29' for key 'PRIMARY'")2022-12-08 19:46:42 , (1062, "Duplicate entry '50339-350acb5e6adab1172e3195689c04a9e95f1dd656' for key 'PRIMARY'")2022-12-08 19:46:43 , (1062, "Duplicate entry '50342-ff82f93bf7543ddb5eb6da718b0563a94326b1fb' for key 'PRIMARY'")2022-12-08 19:46:43 , (1062, "Duplicate entry '50350-463e4c1e1a142cd0782a857981d7b0cf00686ecd' for key 'PRIMARY'")2022-12-08 19:46:44 , (1062, "Duplicate entry '50350-8b8de6a77d646b95608c2a832707618d2160e75f' for key 'PRIMARY'")2022-12-08 19:46:44 , (1062, "Duplicate entry '50352-87ee3f5cb712fea1d6bfd9252d8d26eaf57fa4cb' for key 'PRIMARY'")2022-12-08 19:46:45 , (1062, "Duplicate entry '50352-4e274379ed9ec2fd3ac20affc77415f742957226' for key 'PRIMARY'")2022-12-08 19:46:46 , (1062, "Duplicate entry '50355-0364e5fddfa34dc47d8b9cf90458a3f88b845e08' for key 'PRIMARY'")2022-12-08 19:46:46 , (1062, "Duplicate entry '50355-3cc2e0ca160a1e24bb2bb4710b127d8d93757610' for key 'PRIMARY'")2022-12-08 19:46:47 , (1062, "Duplicate entry '50360-f40e9a5257e5d5454246c4be4dcf92002eb8698b' for key 'PRIMARY'")2022-12-08 19:46:48 , (1062, "Duplicate entry '50362-630c1ad6ba1738386565d76c2657f58467f137f7' for key 'PRIMARY'")2022-12-08 19:46:48 , (1062, "Duplicate entry '50365-6bfb77b0931e9db4583103b1f22483bb76868515' for key 'PRIMARY'")2022-12-08 19:46:50 , (1062, "Duplicate entry '50365-3d4858da6e20985c3a20c6559c71d68d12d23320' for key 'PRIMARY'")2022-12-08 19:46:51 , (1062, "Duplicate entry '50365-3ba2a58cd6ba0001f698bb0fa356b9773d3b669b' for key 'PRIMARY'")2022-12-08 19:46:52 , (1062, "Duplicate entry '50365-6f6952f23b8a3883c572f7cc39399972c4da529f' for key 'PRIMARY'")2022-12-08 19:46:52 , (1062, "Duplicate entry '50366-6588b914279d3eff81404e4c5aa78d897b98abf9' for key 'PRIMARY'")2022-12-08 19:46:53 , (1062, "Duplicate entry '50367-a393d35d59cddc6743af82b9a26fc9bf225652a3' for key 'PRIMARY'")2022-12-08 19:46:53 , (1062, "Duplicate entry '50371-64784879953d19380f5ee299509562d93efc273e' for key 'PRIMARY'")2022-12-08 19:46:54 , (1062, "Duplicate entry '50371-c32a0da46b53321baadd09d3566a405ab778ad3b' for key 'PRIMARY'")2022-12-08 19:46:55 , (1062, "Duplicate entry '50371-c2f6fd7fc9cd12f1b5735f94a8b817b96dcf9c75' for key 'PRIMARY'")2022-12-08 19:46:55 , (1062, "Duplicate entry '50371-d85a67ef539d8c08966b8869759cbdea31a87635' for key 'PRIMARY'")2022-12-08 19:46:56 , (1062, "Duplicate entry '50371-7dd6c9976ff5a7a84268a67b69b0f69826c0d558' for key 'PRIMARY'")2022-12-08 19:46:57 , (1062, "Duplicate entry '50371-49c26a13fe1c9133eca6ec9b23b98aa4946ff80e' for key 'PRIMARY'")2022-12-08 19:46:57 , (1062, "Duplicate entry '50371-108d2fc8b6eeebb95ee75ba0eaf97076f92862c1' for key 'PRIMARY'")2022-12-08 19:46:58 , (1062, "Duplicate entry '50371-bcf5ead0323afb69e99a49b72a7ff03b25e50672' for key 'PRIMARY'")2022-12-08 19:46:59 , (1062, "Duplicate entry '50371-42b05d7c3ce8d65495d745a6e616eef1b0eb21a1' for key 'PRIMARY'")2022-12-08 19:46:59 , (1062, "Duplicate entry '50371-5aaaa42d3ff91239d701ba9d3d756c072077abaf' for key 'PRIMARY'")2022-12-08 19:47:00 , (1062, "Duplicate entry '50371-e163c3ae20e37db0d592d184304fcc46fce14c63' for key 'PRIMARY'")2022-12-08 19:47:00 , (1062, "Duplicate entry '50371-06a0d88e6b4e871773fa2aa6f3595e67f2ef5475' for key 'PRIMARY'")2022-12-08 19:47:01 , (1062, "Duplicate entry '50371-5433f639640911e544a93c50fefbfd73965faede' for key 'PRIMARY'")2022-12-08 19:47:02 , (1062, "Duplicate entry '50371-3aa584068d9ad518c07c429a408faab67f28abb8' for key 'PRIMARY'")2022-12-08 19:47:02 , (1062, "Duplicate entry '50371-0d54d560372c835ee087ef47bb04d20517a9df18' for key 'PRIMARY'")2022-12-08 19:47:03 , (1062, "Duplicate entry '50371-267fcfab662bb9f0ad568565004e50e0d9100284' for key 'PRIMARY'")2022-12-08 19:47:04 , (1062, "Duplicate entry '50371-4610e6e370b1fdd584b14adb235f28d7bc3e1afc' for key 'PRIMARY'")2022-12-08 19:47:04 , (1062, "Duplicate entry '50371-6d06be6e5b0e32a14752559c43c1f4a4f4e96562' for key 'PRIMARY'")2022-12-08 19:47:05 , (1062, "Duplicate entry '50371-962f2c05658d9ef5bc1998a6711878d753e8d1c6' for key 'PRIMARY'")2022-12-08 19:47:06 , (1062, "Duplicate entry '50371-bdce6b4d1a9040a81f71b5e6ec8cd5c18e7815e5' for key 'PRIMARY'")2022-12-08 19:47:06 , (1062, "Duplicate entry '50371-bc8655482e34f2e7e77077e0ef5031a79327a87e' for key 'PRIMARY'")2022-12-08 19:47:07 , (1062, "Duplicate entry '50371-e85eff34aaa3cb2226bd23449506154e751799e2' for key 'PRIMARY'")2022-12-08 19:47:08 , (1062, "Duplicate entry '50371-6f6163d3f992f7989a166acb19a59fababa96bc0' for key 'PRIMARY'")2022-12-08 19:47:08 , (1062, "Duplicate entry '50371-c75c8f9f8e47e035aa89074930a1e7968a4affd6' for key 'PRIMARY'")2022-12-08 19:47:09 , (1062, "Duplicate entry '50371-8baefc67a449a4a4e43166e20c8ccb000f38cf9a' for key 'PRIMARY'")2022-12-08 19:47:09 , (1062, "Duplicate entry '50371-f15c2f7aecf2f57deb05d5980cf63b0d34494871' for key 'PRIMARY'")2022-12-08 19:47:10 , (1062, "Duplicate entry '50371-dfe27862013bb572f694e39ec9f5fb23278fd8ac' for key 'PRIMARY'")2022-12-08 19:47:11 , (1062, "Duplicate entry '50371-3a258966304b092a371c850d8a7d1b6cfc3e5778' for key 'PRIMARY'")2022-12-08 19:47:11 , (1062, "Duplicate entry '50371-541fd26bd377c0e5abbb4fc5b33420825680b33c' for key 'PRIMARY'")2022-12-08 19:47:12 , (1062, "Duplicate entry '50371-a2b299c5b6f58791eb31a9f3b963533a6c16ae5b' for key 'PRIMARY'")2022-12-08 19:47:13 , (1062, "Duplicate entry '50371-97f7ca1164088ec0f7273cf3f575e0ec1aefd250' for key 'PRIMARY'")2022-12-08 19:47:13 , (1062, "Duplicate entry '50371-1cfddcabc0c8d3b3079d80c0e74a8a03b3cb7281' for key 'PRIMARY'")2022-12-08 19:47:14 , (1062, "Duplicate entry '50371-98463beda0f3c24f9fad8e97e5f10e2354096a4c' for key 'PRIMARY'")2022-12-08 19:47:15 , (1062, "Duplicate entry '50371-7264d0fa4073e6d404dbc1c4d40baab9e07563e2' for key 'PRIMARY'")2022-12-08 19:47:15 , (1062, "Duplicate entry '50371-3ddafc4bb5381104cd583d141c7169a44ea8465e' for key 'PRIMARY'")2022-12-08 19:47:16 , (1062, "Duplicate entry '50371-2a97849ec69e539b7ae5082b55c08d3df62b7169' for key 'PRIMARY'")2022-12-08 19:47:16 , (1062, "Duplicate entry '50371-dd7354f1843d6443146a6619067584199cc847c5' for key 'PRIMARY'")2022-12-08 19:47:17 , (1062, "Duplicate entry '50371-c3f7e65cdfd174ceaec5a2f07cc6d4a1bf9ca3ac' for key 'PRIMARY'")2022-12-08 19:47:18 , (1062, "Duplicate entry '50371-5367f6b1b03798d280b245b9e1a787ad26a9b267' for key 'PRIMARY'")2022-12-08 19:47:18 , (1062, "Duplicate entry '50371-018d94ce789ebd0f9a485108531dd4200947202c' for key 'PRIMARY'")2022-12-08 19:47:19 , (1062, "Duplicate entry '50371-eca2feb97d5550db1b0348a3ba418fd67ffd0c9d' for key 'PRIMARY'")2022-12-08 19:47:20 , (1062, "Duplicate entry '50371-b4c3407b8f9665588238996031807010ba848cbe' for key 'PRIMARY'")2022-12-08 19:47:21 , (1062, "Duplicate entry '50371-6e3b3d40108dacc6d3ba3033736f556c510e728e' for key 'PRIMARY'")2022-12-08 19:47:21 , (1062, "Duplicate entry '50371-9eab49ca923f406d9f5ac5679572061795a4c442' for key 'PRIMARY'")2022-12-08 19:47:22 , (1062, "Duplicate entry '50371-c3ea60edda3675f910d299cef336324c3530f83d' for key 'PRIMARY'")2022-12-08 19:47:22 , (1062, "Duplicate entry '50371-b5d0b45c73ebb61338716d49fd9896ba2cfacfa2' for key 'PRIMARY'")2022-12-08 19:47:23 , (1062, "Duplicate entry '50371-f820367441bdba0c336d0db64df58ad1ef9a3a9a' for key 'PRIMARY'")2022-12-08 19:47:24 , (1062, "Duplicate entry '50371-0e3303a7401eb7a9cafbe585e12d1aadc9734102' for key 'PRIMARY'")2022-12-08 19:47:24 , (1062, "Duplicate entry '50371-068189cdde8d552a105d17a5e2e4921c81117406' for key 'PRIMARY'")2022-12-08 19:47:25 , (1062, "Duplicate entry '50371-d3fac637d9f0d675e562c1d8b994bb5195dd4d5f' for key 'PRIMARY'")2022-12-08 19:47:26 , (1062, "Duplicate entry '50371-7108a1e4d6c31e04dba0ed8923e3a8730bb79bed' for key 'PRIMARY'")2022-12-08 19:47:26 , (1062, "Duplicate entry '50371-5fcb53e6073d038019f3a8d9d8dd3bfe7a9cf943' for key 'PRIMARY'")2022-12-08 19:47:27 , (1062, "Duplicate entry '50371-25a6b8b2edde3b6b79edb5b2d62476347ec7d37f' for key 'PRIMARY'")2022-12-08 19:47:28 , (1062, "Duplicate entry '50371-17fae8cee663e5833072ec0c892d6fa6c3e98de3' for key 'PRIMARY'")2022-12-08 19:47:28 , (1062, "Duplicate entry '50371-38bda5fea7ab9984cabba7ba63da82f1eea53c73' for key 'PRIMARY'")2022-12-08 19:47:29 , (1062, "Duplicate entry '50371-6aa37d5bfcb97355e6ea41950f669ce7d31174b7' for key 'PRIMARY'")2022-12-08 19:47:30 , (1062, "Duplicate entry '50371-c27c92686ac2793f439df84d9847cbbced93a035' for key 'PRIMARY'")2022-12-08 19:47:30 , (1062, "Duplicate entry '50371-748d04a1603dadde938415d6511345e6999b47ab' for key 'PRIMARY'")2022-12-08 19:47:31 , (1062, "Duplicate entry '50371-3b5179e64970019d0532aa02346f04829fa4b592' for key 'PRIMARY'")2022-12-08 19:47:31 , (1062, "Duplicate entry '50371-a6e7fc2487f78f022ad59cacccc27bb102258eda' for key 'PRIMARY'")2022-12-08 19:47:32 , (1062, "Duplicate entry '50371-3dfed119fea594cb60249c9f2774a31c62213a52' for key 'PRIMARY'")2022-12-08 19:47:33 , (1062, "Duplicate entry '50371-5e5730ba9d15a3b328d2b20a01bf8a9762f3711c' for key 'PRIMARY'")2022-12-08 19:47:33 , (1062, "Duplicate entry '50371-d2dcde5017c5e16541c3d2fdb487ad124cd96be7' for key 'PRIMARY'")2022-12-08 19:47:34 , (1062, "Duplicate entry '50371-0de48ac7415ae801f1762ae9ceb769d87202d9b0' for key 'PRIMARY'")2022-12-08 19:47:35 , (1062, "Duplicate entry '50371-8e992332c1b72927006ca19d4a4a8f451d3ffa88' for key 'PRIMARY'")2022-12-08 19:47:35 , (1062, "Duplicate entry '50371-9d14ce18144fd3d85a790580c4c31bd0fd05b055' for key 'PRIMARY'")2022-12-08 19:47:36 , (1062, "Duplicate entry '50371-58b31bfd382d32ec012269d22d8d73d803440976' for key 'PRIMARY'")2022-12-08 19:47:37 , (1062, "Duplicate entry '50371-55dac82a9a49640229278152fcf2720e71060d2d' for key 'PRIMARY'")2022-12-08 19:47:37 , (1062, "Duplicate entry '50371-87727bbe914544f305905aa1c30be9f73f85c901' for key 'PRIMARY'")2022-12-08 19:47:38 , (1062, "Duplicate entry '50371-db908716a4c4edee8fe4297fb58423ff29c54f78' for key 'PRIMARY'")2022-12-08 19:47:39 , (1062, "Duplicate entry '50371-735ff1be2bc31e1db0be55d0586c30a37b242a2e' for key 'PRIMARY'")2022-12-08 19:47:39 , (1062, "Duplicate entry '50371-e0f86f82f0db0e6397bde0b0878b03b8b962efce' for key 'PRIMARY'")2022-12-08 19:47:40 , (1062, "Duplicate entry '50371-9765b5ab7fe55345fd5af0ea962e7b7d49d9bd39' for key 'PRIMARY'")2022-12-08 19:47:41 , (1062, "Duplicate entry '50371-5e38165d024a7fee4b3626c9fe9911612c9f35b0' for key 'PRIMARY'")2022-12-08 19:47:41 , (1062, "Duplicate entry '50371-af5c3ccabcacc39c95096022ef20b8089cc56f5e' for key 'PRIMARY'")2022-12-08 19:47:42 , (1062, "Duplicate entry '50371-089c5e1800c569c67c0d748146ffefe48d414d94' for key 'PRIMARY'")2022-12-08 19:47:43 , (1062, "Duplicate entry '50371-ab2f4b7183562302cb0f9384a6674457bd4bd6c0' for key 'PRIMARY'")2022-12-08 19:47:43 , (1062, "Duplicate entry '50371-7a6fa7dbc0c2a382d03092e718960a9f3f93635b' for key 'PRIMARY'")2022-12-08 19:47:44 , (1062, "Duplicate entry '50371-7bca2888ab9436ea558db1075bf9199bc5248c87' for key 'PRIMARY'")2022-12-08 19:47:45 , (1062, "Duplicate entry '50371-87f4fe3ac2156e95fa1c4d6375e7e7a1598e69d2' for key 'PRIMARY'")2022-12-08 19:47:46 , (1062, "Duplicate entry '50371-1b40b53b3147de96f73aabda0d6cd9c88c42ff5d' for key 'PRIMARY'")2022-12-08 19:47:46 , (1062, "Duplicate entry '50371-a06bedba41b099f954e982d7e90e638134dc77f3' for key 'PRIMARY'")2022-12-08 19:47:47 , (1062, "Duplicate entry '50371-aa7a650618e9c45f53830362b26d752233d5c5a3' for key 'PRIMARY'")2022-12-08 19:47:47 , (1062, "Duplicate entry '50371-0b8aa67bdd7fdbca6753eb15f220c288e75f142d' for key 'PRIMARY'")2022-12-08 19:47:48 , (1062, "Duplicate entry '50371-5a179dbecf788917a7d8d1a3a86752d12dc8df02' for key 'PRIMARY'")2022-12-08 19:47:49 , (1062, "Duplicate entry '50371-b124bdf6b35d67eae7d7e781d04732dbac786175' for key 'PRIMARY'")2022-12-08 19:47:49 , (1062, "Duplicate entry '50371-9027a1fc837aaf8017c60f8251f6e9769dc994b1' for key 'PRIMARY'")2022-12-08 19:47:50 , (1062, "Duplicate entry '50371-3ba08a3b46e93f84dddb5ae94897a26a6e15594d' for key 'PRIMARY'")2022-12-08 19:47:51 , (1062, "Duplicate entry '50371-37f5570f8028fee1f017348e74e38c9083dea6f1' for key 'PRIMARY'")2022-12-08 19:47:51 , (1062, "Duplicate entry '50371-d9b153f298e912455a570f322b76d3a07e285e6a' for key 'PRIMARY'")2022-12-08 19:47:52 , (1062, "Duplicate entry '50371-2d3921cbc007b54d72e1eab8c7ce3d574142f7ca' for key 'PRIMARY'")2022-12-08 19:47:53 , (1062, "Duplicate entry '50371-1846d2f216a25af2d4d58bb9b36e8619a099f1ed' for key 'PRIMARY'")2022-12-08 19:47:53 , (1062, "Duplicate entry '50371-1da326636d5d09714adc138a6b914d4a0712d906' for key 'PRIMARY'")2022-12-08 19:47:54 , (1062, "Duplicate entry '50371-ef82f4c66cae4a719a3815c307061a941a88b206' for key 'PRIMARY'")2022-12-08 19:47:55 , (1062, "Duplicate entry '50371-9c9d28f82f11216a2e72dc5dd216f116dfc7b31c' for key 'PRIMARY'")2022-12-08 19:47:55 , (1062, "Duplicate entry '50371-49de3a0e2f2ec068fe3d512696e5f7ff5847fd6d' for key 'PRIMARY'")2022-12-08 19:47:56 , (1062, "Duplicate entry '50371-021de874f4c8eacb67dc9f90cc0e388a042af0f1' for key 'PRIMARY'")2022-12-08 19:47:56 , (1062, "Duplicate entry '50371-eff07b8226691714cca14cf2827f817baca92f7b' for key 'PRIMARY'")2022-12-08 19:47:57 , (1062, "Duplicate entry '50371-6eee4b02a813332552d9093a833a287414aca920' for key 'PRIMARY'")2022-12-08 19:47:58 , (1062, "Duplicate entry '50371-df2a3dd0050e0ff764a513cb48db3e1bbb707cf1' for key 'PRIMARY'")2022-12-08 19:47:58 , (1062, "Duplicate entry '50371-1996bf76011c3426e0bbd83f4913a310359b64d2' for key 'PRIMARY'")2022-12-08 19:47:59 , (1062, "Duplicate entry '50371-46a14fbe7cea10aa5ed0a3b960bba18d40b9100d' for key 'PRIMARY'")2022-12-08 19:47:59 , (1062, "Duplicate entry '50371-64232d5802eaf797db1d60e11258673ca2ae4f32' for key 'PRIMARY'")2022-12-08 19:48:00 , (1062, "Duplicate entry '50371-7cd767a1a40518b1d011842128fe04d0120acb15' for key 'PRIMARY'")2022-12-08 19:48:01 , (1062, "Duplicate entry '50371-1e548c4db7865f8bbbc3bd374ec6e0ebf22a4a93' for key 'PRIMARY'")2022-12-08 19:48:01 , (1062, "Duplicate entry '50371-a3461039f1c65c02698d957c314347c635a01796' for key 'PRIMARY'")2022-12-08 19:48:02 , (1062, "Duplicate entry '50371-d9eeb67217eff774e3f87cbc1e24bee246d2eb46' for key 'PRIMARY'")2022-12-08 19:48:03 , (1062, "Duplicate entry '50371-8cb9a9d3a8530784497fd0ededd33abd3fdd19ad' for key 'PRIMARY'")2022-12-08 19:48:03 , (1062, "Duplicate entry '50371-c0b29a45040bb73e7cc6363c720bfb3654858a61' for key 'PRIMARY'")2022-12-08 19:48:05 , (1062, "Duplicate entry '50371-e4879cc083b4ab0720fb69ece644a836c4bfb55e' for key 'PRIMARY'")2022-12-08 19:48:05 , (1062, "Duplicate entry '50371-e3589e31195fde32403141664cba5d351c735db8' for key 'PRIMARY'")2022-12-08 19:48:06 , (1062, "Duplicate entry '50371-a3defcb4a425f38d349b93ef64939e9d095f63aa' for key 'PRIMARY'")2022-12-08 19:48:07 , (1062, "Duplicate entry '50371-501da64a1eb208d9b80279c052e9b53d8848e095' for key 'PRIMARY'")2022-12-08 19:48:07 , (1062, "Duplicate entry '50371-69ab8bdd325b0bcb2d6cf428c38a671adb1f2bc5' for key 'PRIMARY'")2022-12-08 19:48:08 , (1062, "Duplicate entry '50371-259339c4324b7bd128d72575e747a994274d18d2' for key 'PRIMARY'")2022-12-08 19:48:08 , (1062, "Duplicate entry '50371-2cf3cc466c187fac46eb35577f107aa49276f1dc' for key 'PRIMARY'")2022-12-08 19:48:09 , (1062, "Duplicate entry '50371-117698df2a932c117360ca91171e823edae4f162' for key 'PRIMARY'")2022-12-08 19:48:10 , (1062, "Duplicate entry '50371-4041e1788cb7dade32372d4f13d6fe497ce3867f' for key 'PRIMARY'")2022-12-08 19:48:10 , (1062, "Duplicate entry '50371-eeb088d1ba8ce9e032d1ed18fccf1ad4d4403b5a' for key 'PRIMARY'")2022-12-08 19:48:11 , (1062, "Duplicate entry '50371-0b06f2927be226ffe44f47bfa9e03e4ea649d7f3' for key 'PRIMARY'")2022-12-08 19:48:12 , (1062, "Duplicate entry '50371-5900cbf5f9ec7b25333d8414ba74e786b8bdba4e' for key 'PRIMARY'")2022-12-08 19:48:12 , (1062, "Duplicate entry '50371-4ee0be1c9aadacf580ecc9f879dfe93127ff8ea9' for key 'PRIMARY'")2022-12-08 19:48:13 , (1062, "Duplicate entry '50371-14b881bb68ecb5cd46a3c9d1f158e18ff78d7e17' for key 'PRIMARY'")2022-12-08 19:48:14 , (1062, "Duplicate entry '50371-f312e2a6199b1255e565fd2f9141c1a764b90c2b' for key 'PRIMARY'")2022-12-08 19:48:15 , (1062, "Duplicate entry '50371-d39604eaaa8bd5beb2308a8289f77afbb7915671' for key 'PRIMARY'")2022-12-08 19:48:15 , (1062, "Duplicate entry '50371-efb9519cc781110e77c815edcc6afe4f478a14be' for key 'PRIMARY'")2022-12-08 19:48:16 , (1062, "Duplicate entry '50371-a019a5ba7c4eba33fcdc646587045b8823a02486' for key 'PRIMARY'")2022-12-08 19:48:17 , (1062, "Duplicate entry '50371-c23d362f4410e93bbc8ad8161bc9676e46dddf49' for key 'PRIMARY'")2022-12-08 19:48:17 , (1062, "Duplicate entry '50371-c0a05630a5745ebf793c3694f944d40275971385' for key 'PRIMARY'")2022-12-08 19:48:18 , (1062, "Duplicate entry '50371-0a9a955db751aa5ec3de552c924443e20c756bbe' for key 'PRIMARY'")2022-12-08 19:48:18 , (1062, "Duplicate entry '50371-13a4067a164648411cb7ef9cb579e2a4d5844260' for key 'PRIMARY'")2022-12-08 19:48:19 , (1062, "Duplicate entry '50371-1267bba74887f0a4ae47a8758b24b11165daf928' for key 'PRIMARY'")2022-12-08 19:48:20 , (1062, "Duplicate entry '50371-ed5ad82e763f0842d96762cf3ae214ea5c6eadc8' for key 'PRIMARY'")2022-12-08 19:48:20 , (1062, "Duplicate entry '50371-91ec75f872634537d95485b66d8c82c2bb61a497' for key 'PRIMARY'")2022-12-08 19:48:21 , (1062, "Duplicate entry '50371-281c7d540508ebf92d5c8f602e52b37836c9f55c' for key 'PRIMARY'")2022-12-08 19:48:21 , (1062, "Duplicate entry '50371-3647e8ec38de7891887ca72c9777ab92a2c09ad2' for key 'PRIMARY'")2022-12-08 19:48:22 , (1062, "Duplicate entry '50371-3f35ef2452dc0f27797e8a295371065834335944' for key 'PRIMARY'")2022-12-08 19:48:23 , (1062, "Duplicate entry '50371-4cf406c8a617392864efa7d8f50510a2c95e049a' for key 'PRIMARY'")2022-12-08 19:48:23 , (1062, "Duplicate entry '50371-c16387f692bf46a95100adc91a68922414b53d4c' for key 'PRIMARY'")2022-12-08 19:48:24 , (1062, "Duplicate entry '50371-fbb913d7e0f5407b3861c2ca321b90a0b63fe6f9' for key 'PRIMARY'")2022-12-08 19:48:25 , (1062, "Duplicate entry '50371-568625cd463caadea994d5f0b921bdd4ec309108' for key 'PRIMARY'")2022-12-08 19:48:25 , (1062, "Duplicate entry '50371-03015439cda3eaa11cc7336ea5435c18ca4ffdea' for key 'PRIMARY'")2022-12-08 19:48:26 , (1062, "Duplicate entry '50371-e1f1973b9fdc0dab9d2186c504d3b11c207306fc' for key 'PRIMARY'")2022-12-08 19:48:27 , (1062, "Duplicate entry '50371-b531070d5d26c47794df4f1bb99562a61fceec97' for key 'PRIMARY'")2022-12-08 19:48:27 , (1062, "Duplicate entry '50371-35426e19366d19f14e5cdec207127a34eb24f3ac' for key 'PRIMARY'")2022-12-08 19:48:28 , (1062, "Duplicate entry '50371-d5facb6d8e8c379a45ef2031af579084d8c389df' for key 'PRIMARY'")2022-12-08 19:48:28 , (1062, "Duplicate entry '50371-7ba767d0bf5d21ba4baaafffee17f1f3536af9e4' for key 'PRIMARY'")2022-12-08 19:48:29 , (1062, "Duplicate entry '50371-85ca9b25d68b305f0f98510b2b2eb28e78e201cf' for key 'PRIMARY'")2022-12-08 19:48:30 , (1062, "Duplicate entry '50371-e23923d357fea6ab31801777c3385e82786143cc' for key 'PRIMARY'")2022-12-08 19:48:30 , (1062, "Duplicate entry '50371-407b8c35b1fe88c5f1ab2cee746862b7525b8284' for key 'PRIMARY'")2022-12-08 19:48:31 , (1062, "Duplicate entry '50371-d1a7acee8cd3dcd93922a6499d1a8bd696804c2c' for key 'PRIMARY'")2022-12-08 19:48:32 , (1062, "Duplicate entry '50371-5ce8cf874ba91bbbbc3b40a1185090f07ace504f' for key 'PRIMARY'")2022-12-08 19:48:32 , (1062, "Duplicate entry '50371-8f61344928966e92e215eddce17fe35deca65998' for key 'PRIMARY'")2022-12-08 19:48:33 , (1062, "Duplicate entry '50371-d6e4402611d9b2b1f5a70d4f9d245e1cc70f2777' for key 'PRIMARY'")2022-12-08 19:48:33 , (1062, "Duplicate entry '50371-648baabc37817a1bfb8f3695fdad6edbdb44bbcf' for key 'PRIMARY'")2022-12-08 19:48:34 , (1062, "Duplicate entry '50371-84d6110beddba5808d7b455891cee4381d76a3f4' for key 'PRIMARY'")2022-12-08 19:48:35 , (1062, "Duplicate entry '50371-ba5ac0c5bd8bec85ab3337b1e632ab6e27eba953' for key 'PRIMARY'")2022-12-08 19:48:35 , (1062, "Duplicate entry '50371-eeff9c2ae6bd8f97ac6d70ccadeb6998e1874ef5' for key 'PRIMARY'")2022-12-08 19:48:36 , (1062, "Duplicate entry '50371-13563e81d84e2595461d00596c4fb6025859f01c' for key 'PRIMARY'")2022-12-08 19:48:37 , (1062, "Duplicate entry '50371-cff8e17772fcc2a6279ee4baf33d1c8b4af14a13' for key 'PRIMARY'")2022-12-08 19:48:37 , (1062, "Duplicate entry '50371-283e2ee5f259cf967dc0805d69c05de7717733ff' for key 'PRIMARY'")2022-12-08 19:48:38 , (1062, "Duplicate entry '50371-415152ce687666092baf2fe493e5f2273a279008' for key 'PRIMARY'")2022-12-08 19:48:39 , (1062, "Duplicate entry '50371-6ffded298d6f975f7dc7958eb846f93ebcea3065' for key 'PRIMARY'")2022-12-08 19:48:39 , (1062, "Duplicate entry '50371-89fbd04a976389f8bc72c757b63d09ad9fdc4147' for key 'PRIMARY'")2022-12-08 19:48:40 , (1062, "Duplicate entry '50371-0e3c3dc9a96a7df58f1bb04872548f08a393e21f' for key 'PRIMARY'")2022-12-08 19:48:40 , (1062, "Duplicate entry '50371-c894ed643a99ed110633d5709760aa0162eee5d6' for key 'PRIMARY'")2022-12-08 19:48:41 , (1062, "Duplicate entry '50371-240d02d5d4da361db6f64e4b87166db8ab0722e0' for key 'PRIMARY'")2022-12-08 19:48:42 , (1062, "Duplicate entry '50371-4bb8e615950586449333649086f79041ea1af65c' for key 'PRIMARY'")2022-12-08 19:48:42 , (1062, "Duplicate entry '50371-6c32ccec889ae536c77be73620dcf43130d56b0f' for key 'PRIMARY'")2022-12-08 19:48:43 , (1062, "Duplicate entry '50371-f18b477c8d30a9dbcd706d2892712cf928aacd87' for key 'PRIMARY'")2022-12-08 19:48:44 , (1062, "Duplicate entry '50371-64b816f090ef6d950a8eab49300b2483ab42cad5' for key 'PRIMARY'")2022-12-08 19:48:44 , (1062, "Duplicate entry '50371-14d995fabafed050fcb9c5ec3784d3a8fbc6ed8e' for key 'PRIMARY'")2022-12-08 19:48:45 , (1062, "Duplicate entry '50371-c0e144be23c69f25aaa8911365d39c5cc20761e3' for key 'PRIMARY'")2022-12-08 19:48:46 , (1062, "Duplicate entry '50371-4af3ff6c5b3911eba4b2262c5fcbc7afb9d2a543' for key 'PRIMARY'")2022-12-08 19:48:46 , (1062, "Duplicate entry '50371-13deabaa0bc1851fbc93034cd91e06911efff3d0' for key 'PRIMARY'")2022-12-08 19:48:47 , (1062, "Duplicate entry '50371-ff99a3fd8192a15913c090abf2c4fa5a15b3c0d1' for key 'PRIMARY'")2022-12-08 19:48:47 , (1062, "Duplicate entry '50371-2dfc511c75435ee31bf20f3e19a22ca8e1ddef30' for key 'PRIMARY'")2022-12-08 19:48:48 , (1062, "Duplicate entry '50371-ea85164449d9b281b4e6571dad38c9cadce3ef9f' for key 'PRIMARY'")2022-12-08 19:48:49 , (1062, "Duplicate entry '50371-3237e5888f74e1c822fd1e92474704b08fa15a28' for key 'PRIMARY'")2022-12-08 19:48:49 , (1062, "Duplicate entry '50371-c07339434ef1ff939a531f6790412f910e58827a' for key 'PRIMARY'")2022-12-08 19:48:50 , (1062, "Duplicate entry '50371-a05dde03607a473ae4f364ee09d2ceedbd45d278' for key 'PRIMARY'")2022-12-08 19:48:51 , (1062, "Duplicate entry '50371-98ac4c475f62a07622b4acdefa9aa651fb24118d' for key 'PRIMARY'")2022-12-08 19:48:51 , (1062, "Duplicate entry '50371-320486db99e932525c2be0fc5aa11405110af7fc' for key 'PRIMARY'")2022-12-08 19:48:52 , (1062, "Duplicate entry '50371-da248a82751eb5b4c0d0866c0d95fa8f690d2071' for key 'PRIMARY'")2022-12-08 19:48:53 , (1062, "Duplicate entry '50371-b6bb5d820b6f2990d93898816764c87782db02ca' for key 'PRIMARY'")2022-12-08 19:48:54 , (1062, "Duplicate entry '50371-e1b29679859d00f4a41524f649518b0d254f15c5' for key 'PRIMARY'")2022-12-08 19:48:55 , (1062, "Duplicate entry '50371-221cc2e5b6f4ca397b1a36aada0ce82abfa4ee37' for key 'PRIMARY'")2022-12-08 19:48:55 , (1062, "Duplicate entry '50374-f4da8ff74d415f4d0ee311cf5aeeec44f46f608b' for key 'PRIMARY'")2022-12-08 19:48:56 , (1062, "Duplicate entry '50382-c46e0a14e26cd4137e7d524c91a9a11ca6758c4d' for key 'PRIMARY'")2022-12-08 19:48:57 , (1062, "Duplicate entry '50385-e3933d54eed90b97c06c90b50d7de245bb809403' for key 'PRIMARY'")2022-12-08 19:48:57 , (1062, "Duplicate entry '50385-9cbd36c0a49a6068be73edcb1a3155d74ff80660' for key 'PRIMARY'")2022-12-08 19:48:58 , (1062, "Duplicate entry '50385-4b4192d6e8e8e4bd7561c43b82495aee9632fecb' for key 'PRIMARY'")2022-12-08 19:48:58 , (1062, "Duplicate entry '50385-5f3e5c980f9d20066f67b6f0504591ca3488d2ce' for key 'PRIMARY'")2022-12-08 19:48:59 , (1062, "Duplicate entry '50388-247428963d610214024ea8da3713be795b1fb4fe' for key 'PRIMARY'")2022-12-08 19:49:00 , (1062, "Duplicate entry '50388-08bc21ab92601b1b7c415d913f9fc3287dfdd6f1' for key 'PRIMARY'")2022-12-08 19:49:00 , (1062, "Duplicate entry '50388-079a06f980a57dad74ce0ad29783d8eb67e7b2be' for key 'PRIMARY'")2022-12-08 19:49:01 , (1062, "Duplicate entry '50388-f9717ce904f5b0f31c71dbe7dd752a23540aa3cf' for key 'PRIMARY'")2022-12-08 19:49:02 , (1062, "Duplicate entry '50389-103a3aa856caf1b539e9045ed6af4f3cec9015c0' for key 'PRIMARY'")2022-12-08 19:49:02 , (1062, "Duplicate entry '50390-9edbe5075f79a4a95ed14a2be831f9b59e61f49d' for key 'PRIMARY'")2022-12-08 19:49:03 , (1062, "Duplicate entry '50390-226601de13f92a387ce6cb6bb722c399098e10a3' for key 'PRIMARY'")2022-12-08 19:49:03 , (1062, "Duplicate entry '50390-84a5b5da11f4cd5413a185a90b65e48b5379cad6' for key 'PRIMARY'")2022-12-08 19:49:04 , (1062, "Duplicate entry '50390-1d205a0cd3438f206bd503dbf91e39c0148c5de3' for key 'PRIMARY'")2022-12-08 19:49:05 , (1062, "Duplicate entry '50390-616a3c1ba0a80ba17f6ce832b3125720b35281b9' for key 'PRIMARY'")2022-12-08 19:49:05 , (1062, "Duplicate entry '50390-38e984039c904fa31b0ac234192a72d4b3209a4b' for key 'PRIMARY'")2022-12-08 19:49:06 , (1062, "Duplicate entry '50390-a0bde4960e6ee67de2e662ea1118007870304f74' for key 'PRIMARY'")2022-12-08 19:49:07 , (1062, "Duplicate entry '50390-f331237dbd5c28a374be5177622de71f152a2631' for key 'PRIMARY'")2022-12-08 19:49:07 , (1062, "Duplicate entry '50390-73aa99469d027c5870936a7ef31d056ba8a64867' for key 'PRIMARY'")2022-12-08 19:49:08 , (1062, "Duplicate entry '50390-16fe89a3a12b70e6a798afdd4dda01d94d4deafc' for key 'PRIMARY'")2022-12-08 19:49:08 , (1062, "Duplicate entry '50390-a26c43cebfeb622df23e5e55f5731ffc5dcdf62c' for key 'PRIMARY'")2022-12-08 19:49:09 , (1062, "Duplicate entry '50390-22bb02d16a91cbbe347679c1e0f7019e8b12a73c' for key 'PRIMARY'")2022-12-08 19:49:10 , (1062, "Duplicate entry '50390-300d27b1a2a69e1b38b049a67f791d087972e9c3' for key 'PRIMARY'")2022-12-08 19:49:10 , (1062, "Duplicate entry '50390-6df14c6f0d6dedfb0de0156e082b5d35ce7646f6' for key 'PRIMARY'")2022-12-08 19:49:11 , (1062, "Duplicate entry '50390-1bcb7f181ba7f26e093f16c383d1812032c78b65' for key 'PRIMARY'")2022-12-08 19:49:12 , (1062, "Duplicate entry '50390-98823115253b14ce6bf0e327593907e6c984af98' for key 'PRIMARY'")2022-12-08 19:49:12 , (1062, "Duplicate entry '50390-3d73571f03aad57af7a16b897093c6dbda98793a' for key 'PRIMARY'")2022-12-08 19:49:13 , (1062, "Duplicate entry '50390-370e714d7affe3463fba84c0b95d947f43b00380' for key 'PRIMARY'")2022-12-08 19:49:14 , (1062, "Duplicate entry '50390-c51c97d5fc484d1edb06aaa5d1c7d7304c08dca3' for key 'PRIMARY'")2022-12-08 19:49:14 , (1062, "Duplicate entry '50390-4ec246e2d68702655ded527a339b31b6bbf80927' for key 'PRIMARY'")2022-12-08 19:49:15 , (1062, "Duplicate entry '50390-0dce83fdb7c30dd75d42191e9e2011863877641c' for key 'PRIMARY'")2022-12-08 19:49:15 , (1062, "Duplicate entry '50390-2f1d8532d622c9319492705d1589f02ee8c9b7d0' for key 'PRIMARY'")2022-12-08 19:49:16 , (1062, "Duplicate entry '50390-83dcd5f26d5d2ef88bc8379a942eaa57c798ef6c' for key 'PRIMARY'")2022-12-08 19:49:17 , (1062, "Duplicate entry '50390-3eae0077ec3f0e6efeb90eef17c188691546d119' for key 'PRIMARY'")2022-12-08 19:49:17 , (1062, "Duplicate entry '50390-08df9524c1c57f8d37790358947cdd9f1c388117' for key 'PRIMARY'")2022-12-08 19:49:18 , (1062, "Duplicate entry '50390-c9f2b1398605f2b73b81d218ce596fb285b14475' for key 'PRIMARY'")2022-12-08 19:49:19 , (1062, "Duplicate entry '50390-416d74121d8d53eba6df0e2685693f99c7400022' for key 'PRIMARY'")2022-12-08 19:49:19 , (1062, "Duplicate entry '50390-7ef6af6f50ab37c8da0b7462fda458f8f8061079' for key 'PRIMARY'")2022-12-08 19:49:20 , (1062, "Duplicate entry '50390-33f4744658fbd78d91948ba68626702e9335bf8a' for key 'PRIMARY'")2022-12-08 19:49:21 , (1062, "Duplicate entry '50390-a8d8a96634cb667d67b728b297ccab3e520c47ca' for key 'PRIMARY'")2022-12-08 19:49:21 , (1062, "Duplicate entry '50390-92d83bbe6c3088b3df47c2f37edfa35559024208' for key 'PRIMARY'")2022-12-08 19:49:22 , (1062, "Duplicate entry '50390-0a5580010c669b6d480d709c1d68b67cc5559250' for key 'PRIMARY'")2022-12-08 19:49:23 , (1062, "Duplicate entry '50390-03e910ab4cb1c1e227b2be56e9a035e6d499178f' for key 'PRIMARY'")2022-12-08 19:49:23 , (1062, "Duplicate entry '50390-72ba1e9cfc34c1c06b9c1d69982898e5dbdeede7' for key 'PRIMARY'")2022-12-08 19:49:24 , (1062, "Duplicate entry '50390-50f3b08159c6b238e666ec34eeb948bf8ff68974' for key 'PRIMARY'")2022-12-08 19:49:24 , (1062, "Duplicate entry '50390-098f20431384da2e6a407b650f0f84b3457d4304' for key 'PRIMARY'")2022-12-08 19:49:25 , (1062, "Duplicate entry '50390-0b36c628ec83d6d16230ffebcb287a9ab4a4b896' for key 'PRIMARY'")2022-12-08 19:49:26 , (1062, "Duplicate entry '50390-2d3554564210e91fa10c95df6d775d0535033910' for key 'PRIMARY'")2022-12-08 19:49:26 , (1062, "Duplicate entry '50390-2b078fe6af3670bc9263710230341bbd8cbe9e6a' for key 'PRIMARY'")2022-12-08 19:49:27 , (1062, "Duplicate entry '50390-a6e729acf7ae9769d0d115526b90a1d404e22b5b' for key 'PRIMARY'")2022-12-08 19:49:27 , (1062, "Duplicate entry '50390-65edfe109383648b90464679fddf71860390d26c' for key 'PRIMARY'")2022-12-08 19:49:28 , (1062, "Duplicate entry '50390-116ed85a1a51408e6c2ed4324a4116f7c816b5c6' for key 'PRIMARY'")2022-12-08 19:49:29 , (1062, "Duplicate entry '50390-e52a03f16d5aeebdc7f158e6a7a75d68246a9d2a' for key 'PRIMARY'")2022-12-08 19:49:29 , (1062, "Duplicate entry '50390-2261a3ec3c70bd774789370b7d40f84d9e95e008' for key 'PRIMARY'")2022-12-08 19:49:30 , (1062, "Duplicate entry '50390-a451bde6ad90d3ac8593d6d3279b4df51308593d' for key 'PRIMARY'")2022-12-08 19:49:31 , (1062, "Duplicate entry '50390-0bc653768f0e0dfe613cab5b7bc6447129d54680' for key 'PRIMARY'")2022-12-08 19:49:31 , (1062, "Duplicate entry '50390-63ed24119c6a1d1f7806e854b428ebe658ce92a7' for key 'PRIMARY'")2022-12-08 19:49:32 , (1062, "Duplicate entry '50390-1aec407cf52fb61ddead3aa855feeb4b1705f69b' for key 'PRIMARY'")2022-12-08 19:49:33 , (1062, "Duplicate entry '50390-fe0e031acfb3330168b63d7b48b9ac56ef878644' for key 'PRIMARY'")2022-12-08 19:49:33 , (1062, "Duplicate entry '50390-82c8fa744bcf441f0f8a8aef062d454e4fa69f42' for key 'PRIMARY'")2022-12-08 19:49:34 , (1062, "Duplicate entry '50390-69521621908f6623bf23d1dcca013e93848cba08' for key 'PRIMARY'")2022-12-08 19:49:35 , (1062, "Duplicate entry '50390-91b1a1d28d856b9929e5ee24858cf95eb1ba5e2d' for key 'PRIMARY'")2022-12-08 19:49:35 , (1062, "Duplicate entry '50390-318910a5c6a9d3cf1347a9182998472578af93b1' for key 'PRIMARY'")2022-12-08 19:49:36 , (1062, "Duplicate entry '50390-fd3b748163fc33290c2c764ee3cd4252f10ba6b5' for key 'PRIMARY'")2022-12-08 19:49:37 , (1062, "Duplicate entry '50390-d16361f9fcd63c59a7a3fdfe2d95a652b5168a77' for key 'PRIMARY'")2022-12-08 19:49:37 , (1062, "Duplicate entry '50390-97d529aae12773440cdbd57ea502f5a41fd624b2' for key 'PRIMARY'")2022-12-08 19:49:38 , (1062, "Duplicate entry '50390-9ea3d955c373388d42d57aa9c02037f2db15095e' for key 'PRIMARY'")2022-12-08 19:49:39 , (1062, "Duplicate entry '50390-8f735533b4ba947d7af7a8f5902b88f8ad754805' for key 'PRIMARY'")2022-12-08 19:49:39 , (1062, "Duplicate entry '50390-6e8a5c569236a1ecfd8f2b27966cb6b8bd9936b4' for key 'PRIMARY'")2022-12-08 19:49:40 , (1062, "Duplicate entry '50390-d013d49919cadfaa1936f35c5f35daf9b678a0b9' for key 'PRIMARY'")2022-12-08 19:49:40 , (1062, "Duplicate entry '50390-ff31ed974a71a9333b436351fea886fc00dc80fe' for key 'PRIMARY'")2022-12-08 19:49:41 , (1062, "Duplicate entry '50390-97ba109ef8e02ab8fdd7e4cdb567785e719e8676' for key 'PRIMARY'")2022-12-08 19:49:42 , (1062, "Duplicate entry '50390-1dd402d2d21c57efd81fe82cc753f0d6c51362f2' for key 'PRIMARY'")2022-12-08 19:49:42 , (1062, "Duplicate entry '50390-10a0514c3084332697a138f6df28f87d23d9a47b' for key 'PRIMARY'")2022-12-08 19:49:43 , (1062, "Duplicate entry '50390-b0a9d2bdeefa65c5542e631a49ff479be453833d' for key 'PRIMARY'")2022-12-08 19:49:44 , (1062, "Duplicate entry '50390-9515ec2d10349f669108bb2a92928a356186c1ec' for key 'PRIMARY'")2022-12-08 19:49:45 , (1062, "Duplicate entry '50390-fcb0590ebd85e788bf00b557e33a7aaa9c4a7de5' for key 'PRIMARY'")2022-12-08 19:49:45 , (1062, "Duplicate entry '50390-5ae008b1703bbd54e93894316c4285b03c21b28b' for key 'PRIMARY'")2022-12-08 19:49:46 , (1062, "Duplicate entry '50390-1e3aaf668d3d29d742fa0dc330bc0f017ba3d990' for key 'PRIMARY'")2022-12-08 19:49:46 , (1062, "Duplicate entry '50390-1850de8166b8cc80a14e6aa7a0a0a2640f504c70' for key 'PRIMARY'")2022-12-08 19:49:47 , (1062, "Duplicate entry '50390-990743ed5f7eb7f43f936091e2e7dd71210a577e' for key 'PRIMARY'")2022-12-08 19:49:48 , (1062, "Duplicate entry '50390-c8a5b715b4dd7540364aa106ee3d84c8f68b9f93' for key 'PRIMARY'")2022-12-08 19:49:48 , (1062, "Duplicate entry '50390-13aeb459abd15fc4efaeebe67d09d53c542146af' for key 'PRIMARY'")2022-12-08 19:49:49 , (1062, "Duplicate entry '50390-a471b585c58bbc69d124446ce76817d078022369' for key 'PRIMARY'")2022-12-08 19:49:50 , (1062, "Duplicate entry '50390-8de24d1c0eb93068d657be68d982e9dba526a6cc' for key 'PRIMARY'")2022-12-08 19:49:50 , (1062, "Duplicate entry '50390-02fd9d38c4431d2f911377e83d34fac6d6a11382' for key 'PRIMARY'")2022-12-08 19:49:51 , (1062, "Duplicate entry '50390-f5eaa14ef153cab1b76f6b162f33190886069a09' for key 'PRIMARY'")2022-12-08 19:49:52 , (1062, "Duplicate entry '50390-2e5b9d712b8386caf6ccc2b979178522c1162ec7' for key 'PRIMARY'")2022-12-08 19:49:52 , (1062, "Duplicate entry '50390-f92462f3914ed3bf66c23e6a61fe3db5627db6bc' for key 'PRIMARY'")2022-12-08 19:49:53 , (1062, "Duplicate entry '50390-b86345ef5092d56a0d7f255aefa80ae260ed4bd6' for key 'PRIMARY'")2022-12-08 19:49:54 , (1062, "Duplicate entry '50390-5ae65f75c50188468667f2e3a49b8ff2c6ab30ec' for key 'PRIMARY'")2022-12-08 19:49:54 , (1062, "Duplicate entry '50390-099197e2374f72cec89efc16316cbe675aaabdbf' for key 'PRIMARY'")2022-12-08 19:49:55 , (1062, "Duplicate entry '50390-903110714b2c7840f05023092b648ea5107e98d7' for key 'PRIMARY'")2022-12-08 19:49:55 , (1062, "Duplicate entry '50390-de904d9c3a075d86914b931d633e42081b7ca49e' for key 'PRIMARY'")2022-12-08 19:49:56 , (1062, "Duplicate entry '50390-6ec87e02d582e555d403223d50a0281e31f8939e' for key 'PRIMARY'")2022-12-08 19:49:57 , (1062, "Duplicate entry '50390-ce30ca3641cdb2d19e08be13dd86d952b767605d' for key 'PRIMARY'")2022-12-08 19:49:57 , (1062, "Duplicate entry '50390-4f3a1bf4765dde9c35a6ae9797a9aa444752db7e' for key 'PRIMARY'")2022-12-08 19:49:58 , (1062, "Duplicate entry '50390-59bd94b8982f11ce51f1dacc2c8bcd586618ff59' for key 'PRIMARY'")2022-12-08 19:49:58 , (1062, "Duplicate entry '50390-e39f3841424749d224e0712b42bdcd6095fda926' for key 'PRIMARY'")2022-12-08 19:49:59 , (1062, "Duplicate entry '50390-fd41d6b24295f05c00eb7affb16a3e53b237d0e8' for key 'PRIMARY'")2022-12-08 19:50:00 , (1062, "Duplicate entry '50390-ecb3ae3c09f3b17620f574acf0e179a6d2ef4579' for key 'PRIMARY'")2022-12-08 19:50:00 , (1062, "Duplicate entry '50390-d46389df3e8a7fb996789eca6d677c14b18ca97d' for key 'PRIMARY'")2022-12-08 19:50:01 , (1062, "Duplicate entry '50390-f116a606f2bfdb2febb4f2f904429e529137fa03' for key 'PRIMARY'")2022-12-08 19:50:02 , (1062, "Duplicate entry '50390-abb64c3b0c21fff3883f6f9f5399552a72cff6b3' for key 'PRIMARY'")2022-12-08 19:50:02 , (1062, "Duplicate entry '50390-19f3f1ba66090086de23dfda9cbd389ba0ef1676' for key 'PRIMARY'")2022-12-08 19:50:03 , (1062, "Duplicate entry '50390-711324e70888c6d40cc115794b323578a24db2f0' for key 'PRIMARY'")2022-12-08 19:50:04 , (1062, "Duplicate entry '50390-bce9d7c9545bf09fce34fbf4e7006508fd9260e9' for key 'PRIMARY'")2022-12-08 19:50:04 , (1062, "Duplicate entry '50390-65d8727e10873e9862b0fa9e8097b76804804a52' for key 'PRIMARY'")2022-12-08 19:50:05 , (1062, "Duplicate entry '50390-971743b211dd23c2e7ae17f498206ed4b245e04e' for key 'PRIMARY'")2022-12-08 19:50:06 , (1062, "Duplicate entry '50390-8e7f060ae5caf68e72c6d5f5d1350cac7c3f8b53' for key 'PRIMARY'")2022-12-08 19:50:06 , (1062, "Duplicate entry '50390-5c60afa8fad3d0903c4938b4a194974120a20a43' for key 'PRIMARY'")2022-12-08 19:50:07 , (1062, "Duplicate entry '50390-d9d7ac570374661a0a2ce1b985b6bd6ac339f756' for key 'PRIMARY'")2022-12-08 19:50:08 , (1062, "Duplicate entry '50390-271fba6e4af2faaf37162ab372bbe3d3e5de06b0' for key 'PRIMARY'")2022-12-08 19:50:08 , (1062, "Duplicate entry '50390-76df3b25de25bcb6f7de1a2ec1aab9fb3299b855' for key 'PRIMARY'")2022-12-08 19:50:09 , (1062, "Duplicate entry '50390-c791f0d8ca2f69e2b91e956f7a0370c9c6cea9bb' for key 'PRIMARY'")2022-12-08 19:50:09 , (1062, "Duplicate entry '50390-53b19e42f63208c5de40bbe509e5befa56f24269' for key 'PRIMARY'")2022-12-08 19:50:10 , (1062, "Duplicate entry '50390-1689bd67b6766afe9604a750d4a2e1934aa3d276' for key 'PRIMARY'")2022-12-08 19:50:11 , (1062, "Duplicate entry '50390-7dd02c934ff7470e8945aef3046baf3d5ae09725' for key 'PRIMARY'")2022-12-08 19:50:11 , (1062, "Duplicate entry '50390-0418c69d856c85f572a86fb51950c9752484c869' for key 'PRIMARY'")2022-12-08 19:50:12 , (1062, "Duplicate entry '50390-a9be6e544b6ac2849caf96ece65c3a17704e63ab' for key 'PRIMARY'")2022-12-08 19:50:13 , (1062, "Duplicate entry '50390-61bff3aa1e56b143a4ee15053ceacc205459e39c' for key 'PRIMARY'")2022-12-08 19:50:13 , (1062, "Duplicate entry '50390-4458cb353933bda9e4c60d58b2204269ba82d815' for key 'PRIMARY'")2022-12-08 19:50:14 , (1062, "Duplicate entry '50390-7155a0ba42441ffbd32bb1edc72eff1a32313f2b' for key 'PRIMARY'")2022-12-08 19:50:14 , (1062, "Duplicate entry '50390-31ff1f20231bd9f22a9418d32c2e18d82a3fd17f' for key 'PRIMARY'")2022-12-08 19:50:15 , (1062, "Duplicate entry '50390-48083ad391775a008d40d7dfee007b98406bb0a2' for key 'PRIMARY'")2022-12-08 19:50:16 , (1062, "Duplicate entry '50390-321733ea9e82d4cae65debde449181715d69408e' for key 'PRIMARY'")2022-12-08 19:50:16 , (1062, "Duplicate entry '50390-3c40555eda8b239264347d4ca065162786e68191' for key 'PRIMARY'")2022-12-08 19:50:17 , (1062, "Duplicate entry '50390-55e88231144464012b66fd0435e5a1c83a1aca70' for key 'PRIMARY'")2022-12-08 19:50:17 , (1062, "Duplicate entry '50390-46f9926845371ab318e480bd436baab0d936bc8f' for key 'PRIMARY'")2022-12-08 19:50:18 , (1062, "Duplicate entry '50390-6f5f9b021685c414846b3109f46057834270fbbf' for key 'PRIMARY'")2022-12-08 19:50:19 , (1062, "Duplicate entry '50390-bb8bdb05722ced7f074e761bd1ba477520b5b9e1' for key 'PRIMARY'")2022-12-08 19:50:19 , (1062, "Duplicate entry '50390-a3619eff1db3f3bcc11497040b37ed70a23f896e' for key 'PRIMARY'")2022-12-08 19:50:20 , (1062, "Duplicate entry '50390-161f2447f625a62baa9f6543b680273e4cd07890' for key 'PRIMARY'")2022-12-08 19:50:21 , (1062, "Duplicate entry '50390-2c41dfcc9968139f0dcff568e1216bab1df9e182' for key 'PRIMARY'")2022-12-08 19:50:21 , (1062, "Duplicate entry '50390-9be19eeb8ce53a72b8502110561cb8cc469db397' for key 'PRIMARY'")2022-12-08 19:50:22 , (1062, "Duplicate entry '50390-815865ca6967fdcc0896dc28401ec05df203ec1f' for key 'PRIMARY'")2022-12-08 19:50:22 , (1062, "Duplicate entry '50390-e275e90f1ab877525867fad08d27da31bcf9d15b' for key 'PRIMARY'")2022-12-08 19:50:23 , (1062, "Duplicate entry '50390-9c1abab8b5ba37361cf908b6b01bde5007f566eb' for key 'PRIMARY'")2022-12-08 19:50:24 , (1062, "Duplicate entry '50390-54f9fd3df3ac2268865e3d983a506d50ba92097f' for key 'PRIMARY'")2022-12-08 19:50:24 , (1062, "Duplicate entry '50390-0283024f23378e942d7d5bbe69ac8bbd5b9158ec' for key 'PRIMARY'")2022-12-08 19:50:25 , (1062, "Duplicate entry '50390-e7a20eb87e66ed72ee6b413a0c7e2320ea16974b' for key 'PRIMARY'")2022-12-08 19:50:26 , (1062, "Duplicate entry '50390-103ed68e19f0fc25ade28d9c1fabf52ba6479b64' for key 'PRIMARY'")2022-12-08 19:50:27 , (1062, "Duplicate entry '50390-d31bcce9500181dde34ea60b6562557589115c00' for key 'PRIMARY'")2022-12-08 19:50:27 , (1062, "Duplicate entry '50390-0687d0bfb858af7c036300ede99b5d8860769984' for key 'PRIMARY'")2022-12-08 19:50:28 , (1062, "Duplicate entry '50390-5f64a4c836e4add683152f6d77354a255c5a1cd4' for key 'PRIMARY'")2022-12-08 19:50:28 , (1062, "Duplicate entry '50390-193c26924686d2b833732872637409ebcb6d0963' for key 'PRIMARY'")2022-12-08 19:50:29 , (1062, "Duplicate entry '50390-5edbc37559dc6b612579ad37334c45eec19beb82' for key 'PRIMARY'")2022-12-08 19:50:30 , (1062, "Duplicate entry '50390-2867b0950d2dff750af21b62a2729f2ffa0f8ace' for key 'PRIMARY'")2022-12-08 19:50:31 , (1062, "Duplicate entry '50390-0d16d436abb8cd367c74d12349f16c580742457d' for key 'PRIMARY'")2022-12-08 19:50:31 , (1062, "Duplicate entry '50390-618d47ba6f021c7e5a15b0868cc7797ab549235b' for key 'PRIMARY'")2022-12-08 19:50:32 , (1062, "Duplicate entry '50390-cfc56ca2f888dab1901c8eb1aee52557e1ce35f9' for key 'PRIMARY'")2022-12-08 19:50:32 , (1062, "Duplicate entry '50390-6e235cc16b54860f7a0aa08596d318a21c716f96' for key 'PRIMARY'")2022-12-08 19:50:33 , (1062, "Duplicate entry '50390-2ef6c203cb90d668f85c905759c79bba7a1209c8' for key 'PRIMARY'")2022-12-08 19:50:34 , (1062, "Duplicate entry '50390-5fd31bd5c1549a85e08f0b578f66dca48a76a0b7' for key 'PRIMARY'")2022-12-08 19:50:34 , (1062, "Duplicate entry '50390-ace8847513a5fd4b01c1e55ca34ce142634f94af' for key 'PRIMARY'")2022-12-08 19:50:35 , (1062, "Duplicate entry '50390-d2e7f1e3e58c89d46feb875e845b952234b48a69' for key 'PRIMARY'")2022-12-08 19:50:36 , (1062, "Duplicate entry '50390-0e8f43f76fdaffe992f06cb9eeb1418e1bf0612d' for key 'PRIMARY'")2022-12-08 19:50:36 , (1062, "Duplicate entry '50390-070271128ad828026ebaa36569a7ec79fa620083' for key 'PRIMARY'")2022-12-08 19:50:37 , (1062, "Duplicate entry '50390-1194fd66eb6fddbf8a7704645d972c73eaa89c0a' for key 'PRIMARY'")2022-12-08 19:50:38 , (1062, "Duplicate entry '50390-aed365181e01cd99eaac4ca9b8baaf506df1df71' for key 'PRIMARY'")2022-12-08 19:50:38 , (1062, "Duplicate entry '50390-9e0ebe4a9ba554313ed49fa8f02c3a197e0b9749' for key 'PRIMARY'")2022-12-08 19:50:39 , (1062, "Duplicate entry '50390-f05a9be363ec565c18e6e2116d14db19f239d32b' for key 'PRIMARY'")2022-12-08 19:50:39 , (1062, "Duplicate entry '50390-762ce5297f902439a0bb982bdf9a2878286aeaf1' for key 'PRIMARY'")2022-12-08 19:50:40 , (1062, "Duplicate entry '50390-6b023f56f3076a78b685baf62b17f70875d43bc7' for key 'PRIMARY'")2022-12-08 19:50:41 , (1062, "Duplicate entry '50390-888a2a55b40e1e10aea5660c1819679706b4dc6a' for key 'PRIMARY'")2022-12-08 19:50:41 , (1062, "Duplicate entry '50390-8b45bc99c6bcc784731adb9a6d0d59b21a0c56aa' for key 'PRIMARY'")2022-12-08 19:50:42 , (1062, "Duplicate entry '50390-7448d712c46fc2c3ef3fd13d8187c542cae4f46e' for key 'PRIMARY'")2022-12-08 19:50:43 , (1062, "Duplicate entry '50390-ab5709e56ddf43edabdc34d152bdef613350741d' for key 'PRIMARY'")2022-12-08 19:50:43 , (1062, "Duplicate entry '50390-41f788cbeae8389d77df557a975fab73f43d29a6' for key 'PRIMARY'")2022-12-08 19:50:44 , (1062, "Duplicate entry '50390-8f42a022a62deeae0fa56191d3c41755c47d264f' for key 'PRIMARY'")2022-12-08 19:50:44 , (1062, "Duplicate entry '50390-038c7b035dfad1860fdfc5f5a2aec13a1e2e4203' for key 'PRIMARY'")2022-12-08 19:50:45 , (1062, "Duplicate entry '50390-a342f6d6d6aa4355dadc7c4f789f2859aee1fa02' for key 'PRIMARY'")2022-12-08 19:50:46 , (1062, "Duplicate entry '50390-0b5c50bd75cdc8b879262da7e9d793a0e082651f' for key 'PRIMARY'")2022-12-08 19:50:46 , (1062, "Duplicate entry '50390-c255fdc7d8f21782fd8e246bf5cdd52a72f5e7ba' for key 'PRIMARY'")2022-12-08 19:50:47 , (1062, "Duplicate entry '50390-878a0c8c0151f2d13a8d215c99ba8ac44c42f28e' for key 'PRIMARY'")2022-12-08 19:50:48 , (1062, "Duplicate entry '50390-c61bba1a6093e6b60500cbbf62694384064b78f1' for key 'PRIMARY'")2022-12-08 19:50:48 , (1062, "Duplicate entry '50390-071e0212eeab0584fdb764a45ccce46181d7fd0e' for key 'PRIMARY'")2022-12-08 19:50:49 , (1062, "Duplicate entry '50390-188b84108f43cfe7bb5c7f6260ced8413dd4a1ea' for key 'PRIMARY'")2022-12-08 19:50:50 , (1062, "Duplicate entry '50390-b9bc7866b9788cb57bed82ce2b0b008887cbfd60' for key 'PRIMARY'")2022-12-08 19:50:50 , (1062, "Duplicate entry '50390-308a5d34644e0c24b59bf01db38b45a1245e68b0' for key 'PRIMARY'")2022-12-08 19:50:51 , (1062, "Duplicate entry '50390-30589e337e780f2b811bb302d1311c63fd47f21b' for key 'PRIMARY'")2022-12-08 19:50:52 , (1062, "Duplicate entry '50390-a917f7fa7254f0575761cd47b25f38bc4426eddd' for key 'PRIMARY'")2022-12-08 19:50:52 , (1062, "Duplicate entry '50390-0a8d3656c0f74de0736b87770328ce1fa8939b91' for key 'PRIMARY'")2022-12-08 19:50:53 , (1062, "Duplicate entry '50390-d802a2b049eaa727db8b1d1141680256ce7a52cd' for key 'PRIMARY'")2022-12-08 19:50:54 , (1062, "Duplicate entry '50390-5cedc8fb3bb6927cc1ec4085cbd522bcc0182850' for key 'PRIMARY'")2022-12-08 19:50:55 , (1062, "Duplicate entry '50390-ed9d07489e68c17dcffc76555d65a337e0c4b39f' for key 'PRIMARY'")2022-12-08 19:50:55 , (1062, "Duplicate entry '50390-ec2de8288edb963ddac8912da0a6e60a71ec71b0' for key 'PRIMARY'")2022-12-08 19:50:56 , (1062, "Duplicate entry '50390-0caf14f6f6e288ac4b3d3e91d48a34f283027ca4' for key 'PRIMARY'")2022-12-08 19:50:57 , (1062, "Duplicate entry '50390-9ec661fd26ee4e7c3d593ecdb5ad84135b3711bf' for key 'PRIMARY'")2022-12-08 19:50:57 , (1062, "Duplicate entry '50390-d65140a92af14cb8092b6b098c234a901d91ab74' for key 'PRIMARY'")2022-12-08 19:50:58 , (1062, "Duplicate entry '50390-fd1770b4e70b4052abb90db1ad8f0950ed56f24e' for key 'PRIMARY'")2022-12-08 19:50:59 , (1062, "Duplicate entry '50390-407a0bba82992fa175791143b88e11b4c2c7830d' for key 'PRIMARY'")2022-12-08 19:50:59 , (1062, "Duplicate entry '50390-2b4016190ea4711aa4b8f8facdf20d85c6ae5bfc' for key 'PRIMARY'")2022-12-08 19:51:00 , (1062, "Duplicate entry '50390-21c35a69f6d2d28968e2930ca0ae884da01db58c' for key 'PRIMARY'")2022-12-08 19:51:01 , (1062, "Duplicate entry '50390-7a46fb2df53973ab5a2ce227496d445b41a629ce' for key 'PRIMARY'")2022-12-08 19:51:01 , (1062, "Duplicate entry '50390-5fc7d4bd5113c70c61d65deae00b6992dd62d6f7' for key 'PRIMARY'")2022-12-08 19:51:02 , (1062, "Duplicate entry '50390-f1b51e0af2bd94a014eb21063fb50b226fd5a3ed' for key 'PRIMARY'")2022-12-08 19:51:03 , (1062, "Duplicate entry '50390-47c234ec33bcde8f96b3bd0af26ae957b7e48cd7' for key 'PRIMARY'")2022-12-08 19:51:03 , (1062, "Duplicate entry '50390-3cd06951623a62f756c8ccd1ab97b890483429c1' for key 'PRIMARY'")2022-12-08 19:51:04 , (1062, "Duplicate entry '50390-809bd2e2bdb28fb20ee84303d95def152f3d1ea9' for key 'PRIMARY'")2022-12-08 19:51:05 , (1062, "Duplicate entry '50390-02de907b32b5653d26f55f206f8b01673a8b8404' for key 'PRIMARY'")2022-12-08 19:51:05 , (1062, "Duplicate entry '50390-9c0d5a842aa4a8a7985ffdf4f860fd39b504ab80' for key 'PRIMARY'")2022-12-08 19:51:06 , (1062, "Duplicate entry '50390-5a35be296760df12471e004f98685a87943f81e2' for key 'PRIMARY'")2022-12-08 19:51:07 , (1062, "Duplicate entry '50390-b97dc073b4a63a94ef741c8584fb48840fc81c1d' for key 'PRIMARY'")2022-12-08 19:51:07 , (1062, "Duplicate entry '50390-cf7248010b9248d5eb01036490ca2c62423fd992' for key 'PRIMARY'")2022-12-08 19:51:08 , (1062, "Duplicate entry '50390-1e2464e295d3ad6d96d7bf353553f716f2990fb8' for key 'PRIMARY'")2022-12-08 19:51:09 , (1062, "Duplicate entry '50390-664955b45f9c99d12a66d0fbacce849c3f58cee1' for key 'PRIMARY'")2022-12-08 19:51:09 , (1062, "Duplicate entry '50390-199763adbe8765c622e2f53a34b584f084fcbfb1' for key 'PRIMARY'")2022-12-08 19:51:10 , (1062, "Duplicate entry '50390-abebb8aaf3bb14915d3cd37d164e44a18a09fb3e' for key 'PRIMARY'")2022-12-08 19:51:11 , (1062, "Duplicate entry '50390-ba8f29dc9c6e073684633aa77ace520d90666459' for key 'PRIMARY'")2022-12-08 19:51:11 , (1062, "Duplicate entry '50390-bb9dd9cfd6bfc45281739eaa5af4d76eaa620ae6' for key 'PRIMARY'")2022-12-08 19:51:12 , (1062, "Duplicate entry '50390-bb86ca94bbc49bc050dc4b000a69146f8c752367' for key 'PRIMARY'")2022-12-08 19:51:13 , (1062, "Duplicate entry '50390-616688a58e96ecad4838336a680f3ae8adf9b497' for key 'PRIMARY'")2022-12-08 19:51:13 , (1062, "Duplicate entry '50390-28638f5b5d02a0e49b41c0bb2cd24d064796681c' for key 'PRIMARY'")2022-12-08 19:51:14 , (1062, "Duplicate entry '50390-4b31fcfee3e90ff6d7029faab0e2d75b54e0b919' for key 'PRIMARY'")2022-12-08 19:51:15 , (1062, "Duplicate entry '50390-0e06c414f6e61d64460a6ae628345f2caf44518c' for key 'PRIMARY'")2022-12-08 19:51:15 , (1062, "Duplicate entry '50390-b6e130be09bd4497cda65c872f60da54099db20d' for key 'PRIMARY'")2022-12-08 19:51:16 , (1062, "Duplicate entry '50390-38aa2a431056c6c17c212c888e8f8eb18cfd28ed' for key 'PRIMARY'")2022-12-08 19:51:17 , (1062, "Duplicate entry '50390-984f2af0024a2a898f3c3df505fd12d14fd9fb33' for key 'PRIMARY'")2022-12-08 19:51:17 , (1062, "Duplicate entry '50390-87dd9dfeea7bed9b47ece417898e42363e240a36' for key 'PRIMARY'")2022-12-08 19:51:18 , (1062, "Duplicate entry '50390-808ad5c16eca8cae3bcfd6ec9af55e0d64138a6b' for key 'PRIMARY'")2022-12-08 19:51:18 , (1062, "Duplicate entry '50390-c549f3ea77ec3e43e0b5b2eafc9eb22876bb1405' for key 'PRIMARY'")2022-12-08 19:51:19 , (1062, "Duplicate entry '50390-32eb05b5ef72ebb84b274e894fc88534d4e11cef' for key 'PRIMARY'")2022-12-08 19:51:20 , (1062, "Duplicate entry '50390-36f538791391f4c387eeb00b6164e52dd128d744' for key 'PRIMARY'")2022-12-08 19:51:20 , (1062, "Duplicate entry '50390-cc0c5f1a2654df5f9f56c62f4206ad1e0643b0ea' for key 'PRIMARY'")2022-12-08 19:51:21 , (1062, "Duplicate entry '50390-7a7e905c929c77000cd0dd0fe3d7d8fd769113c5' for key 'PRIMARY'")2022-12-08 19:51:22 , (1062, "Duplicate entry '50390-3d27d9c4c89f5a5cc6c9d84986a6fa97b5f1ca6a' for key 'PRIMARY'")2022-12-08 19:51:22 , (1062, "Duplicate entry '50390-70595406675b3fd3894c5eb2205cf195519a332c' for key 'PRIMARY'")2022-12-08 19:51:23 , (1062, "Duplicate entry '50390-83c0c8dd7e2d103b119244973ff2582067b59849' for key 'PRIMARY'")2022-12-08 19:51:24 , (1062, "Duplicate entry '50390-c0b63d2684c7e02697d66cee259cc7676d6d993b' for key 'PRIMARY'")2022-12-08 19:51:24 , (1062, "Duplicate entry '50390-2a38deb6f26b088f22a7eceb6425805ee293bf10' for key 'PRIMARY'")2022-12-08 19:51:25 , (1062, "Duplicate entry '50390-2cdf16b6052904e6510919c876a612f6099cf533' for key 'PRIMARY'")2022-12-08 19:51:25 , (1062, "Duplicate entry '50390-c73a74de9f4bbf9c0cee6bc318030c289514e415' for key 'PRIMARY'")2022-12-08 19:51:26 , (1062, "Duplicate entry '50390-8f572a3ec7de862c15beef327c897f3a8758e777' for key 'PRIMARY'")2022-12-08 19:51:27 , (1062, "Duplicate entry '50390-3f158d721a47d6ba03713afe6650c9acc5f9fc26' for key 'PRIMARY'")2022-12-08 19:51:27 , (1062, "Duplicate entry '50390-2c7b5bf99662ec46a8f79058f5b7000c5ad25f58' for key 'PRIMARY'")2022-12-08 19:51:28 , (1062, "Duplicate entry '50390-8bdd6a6a7979f95958043dc6082dac57c41ad3d0' for key 'PRIMARY'")2022-12-08 19:51:29 , (1062, "Duplicate entry '50390-25a9b85fa513b7e88d8c97f9a441cd94c8e2c034' for key 'PRIMARY'")2022-12-08 19:51:29 , (1062, "Duplicate entry '50390-b3bb90fedcddabada9c79fb509f81cf8a998c127' for key 'PRIMARY'")2022-12-08 19:51:30 , (1062, "Duplicate entry '50390-0edd559a021aec0c037b508f904489cf731c7700' for key 'PRIMARY'")2022-12-08 19:51:31 , (1062, "Duplicate entry '50390-dd82d8406781c9732fa5853e9af725885b8a68f1' for key 'PRIMARY'")2022-12-08 19:51:31 , (1062, "Duplicate entry '50390-00a11472673d3ca7a6491f7342cad889936d056e' for key 'PRIMARY'")2022-12-08 19:51:32 , (1062, "Duplicate entry '50390-f2e53ca1b1f98c68e3e787f2fcbade5df08c36ae' for key 'PRIMARY'")2022-12-08 19:51:33 , (1062, "Duplicate entry '50390-c43c16744d858d43ba9852073b76418b6168115c' for key 'PRIMARY'")2022-12-08 19:51:33 , (1062, "Duplicate entry '50390-4b80ba114b6dfbb69cbdd8adcc6a4918c8ef526e' for key 'PRIMARY'")2022-12-08 19:51:34 , (1062, "Duplicate entry '50390-c52c239faa529f61310a27faa7d6a006df9c9849' for key 'PRIMARY'")2022-12-08 19:51:35 , (1062, "Duplicate entry '50390-7360dcbd3751ddd72b2ec72ac9a2639d2e0c5937' for key 'PRIMARY'")2022-12-08 19:51:35 , (1062, "Duplicate entry '50390-2c3cdff78e7375c9cda5084e7ab31ba9019b855c' for key 'PRIMARY'")2022-12-08 19:51:36 , (1062, "Duplicate entry '50390-21ee5a2abf60f48ea48b384d05acdbbe4b15ced2' for key 'PRIMARY'")2022-12-08 19:51:37 , (1062, "Duplicate entry '50390-93bde75f2930fc9051f90173eed182be28bc9256' for key 'PRIMARY'")2022-12-08 19:51:37 , (1062, "Duplicate entry '50390-8badcc59dda555244899b71cdee039b58a370c01' for key 'PRIMARY'")2022-12-08 19:51:38 , (1062, "Duplicate entry '50390-4f075521b817b0794d06272fcd32d1a066fa8e2d' for key 'PRIMARY'")2022-12-08 19:51:38 , (1062, "Duplicate entry '50390-b889faaa99a24ae27e7c88cdb6c8c7d9b41e39dd' for key 'PRIMARY'")2022-12-08 19:51:39 , (1062, "Duplicate entry '50390-f356fd6cb047c42053321849d46d028bc8388a75' for key 'PRIMARY'")2022-12-08 19:51:40 , (1062, "Duplicate entry '50390-2d6dc973ce66da10cd23d3a3a0a3a43a2b27ceab' for key 'PRIMARY'")2022-12-08 19:51:40 , (1062, "Duplicate entry '50390-a5635944d7429b9afac5a3b14d24ab05e88147f3' for key 'PRIMARY'")2022-12-08 19:51:41 , (1062, "Duplicate entry '50390-12e2157d138ee532828e37c5f86c7ecb89b065dc' for key 'PRIMARY'")2022-12-08 19:51:42 , (1062, "Duplicate entry '50390-0c95b0f7a545d67d5e53ae8581aa77e0a1ee2ac5' for key 'PRIMARY'")2022-12-08 19:51:42 , (1062, "Duplicate entry '50390-6a0306054333a559addf320b4c84f63059434c04' for key 'PRIMARY'")2022-12-08 19:51:43 , (1062, "Duplicate entry '50390-3929ffacfbef7c431e8397920d040aaf47acff19' for key 'PRIMARY'")2022-12-08 19:51:44 , (1062, "Duplicate entry '50402-883aef5cd6be44059e9dddf3b087f1519862f512' for key 'PRIMARY'")2022-12-08 19:51:44 , (1062, "Duplicate entry '50404-74cac1f9d05f8aec128030e9d4810f338af644aa' for key 'PRIMARY'")2022-12-08 19:51:45 , (1062, "Duplicate entry '50408-800e21c2baaa978ec33986629a14d6984737a870' for key 'PRIMARY'")2022-12-08 19:51:46 , (1062, "Duplicate entry '50408-d66a85e3ccc03fb70e7e740c68d60e6e5cea5d64' for key 'PRIMARY'")2022-12-08 19:51:46 , (1062, "Duplicate entry '50408-1f04f0fc01cec2111421ba6bc90302a2012bb3ca' for key 'PRIMARY'")2022-12-08 19:51:47 , (1062, "Duplicate entry '50408-492556ebab58e10dd4dea2b051e3976997788860' for key 'PRIMARY'")2022-12-08 19:51:48 , (1062, "Duplicate entry '50408-381622bf947df12ff07ed68c3a3aecaeabb5358e' for key 'PRIMARY'")2022-12-08 19:51:48 , (1062, "Duplicate entry '50408-d308a57d8c3b1ae485a7b9fe2eed1f006d8b60ab' for key 'PRIMARY'")2022-12-08 19:51:49 , (1062, "Duplicate entry '50408-61309ffdc39fd5316c3e38de3a0a0cf474f2106f' for key 'PRIMARY'")2022-12-08 19:51:49 , (1062, "Duplicate entry '50409-e7a449380238a03dddd2ff01a67205194e24bd09' for key 'PRIMARY'")2022-12-08 19:51:50 , (1062, "Duplicate entry '50410-28787cff750b0cb173525e6ed4b62917f5a94f07' for key 'PRIMARY'")2022-12-08 19:51:51 , (1062, "Duplicate entry '50416-dd97525696b100128a29851c276a7a8273f77a1c' for key 'PRIMARY'")2022-12-08 19:51:51 , (1062, "Duplicate entry '50416-599e7dd6c4649bca569524e0ab6c691306a6bad0' for key 'PRIMARY'")2022-12-08 19:51:52 , (1062, "Duplicate entry '50416-51e5fa58783605078cdb342e31f93556e60c3f52' for key 'PRIMARY'")2022-12-08 19:51:53 , (1062, "Duplicate entry '50416-e21219a2c63a9dada229ac7bfbe233be110233ea' for key 'PRIMARY'")2022-12-08 19:51:53 , (1062, "Duplicate entry '50420-8a9921d3dbc1f894bf3b799a78cef3f445e04473' for key 'PRIMARY'")2022-12-08 19:51:54 , (1062, "Duplicate entry '50420-3384fb8f52af7e9bec1f6b1229f4be0cfb1e5f57' for key 'PRIMARY'")2022-12-08 19:51:55 , (1062, "Duplicate entry '50420-593233136d94e1ab51e675a0893f6c075cb345a7' for key 'PRIMARY'")2022-12-08 19:51:55 , (1062, "Duplicate entry '50420-4cdca30671ced02f93e75c41c4b78358c760f697' for key 'PRIMARY'")2022-12-08 19:51:56 , (1062, "Duplicate entry '50420-b9f9db6c1b5f3a6ac81d4492f980febb26c74953' for key 'PRIMARY'")2022-12-08 19:51:56 , (1062, "Duplicate entry '50424-c9708319726b4e60d8cf76e471585d552d73bddc' for key 'PRIMARY'")2022-12-08 19:51:57 , (1062, "Duplicate entry '50424-9b5685223e2a5c8d8bd8eec9cdfc0de2cf53fdee' for key 'PRIMARY'")2022-12-08 19:51:58 , (1062, "Duplicate entry '50424-ea22258cc6d039c1d53e081b6a2e36a9101aaaa3' for key 'PRIMARY'")2022-12-08 19:51:58 , (1062, "Duplicate entry '50424-4f0a5f0e9534841e06b99b95c8cead39af3a2960' for key 'PRIMARY'")2022-12-08 19:51:59 , (1062, "Duplicate entry '50424-025b558489b0d6eedff75716b753dc072283424b' for key 'PRIMARY'")2022-12-08 19:52:03 , (1062, "Duplicate entry '50424-7a625349e4449457501b7086f77c390c6701a33b' for key 'PRIMARY'")2022-12-08 19:52:04 , (1062, "Duplicate entry '50424-9174d307d3686447d9298efb2481fbeaca825cd5' for key 'PRIMARY'")2022-12-08 19:52:05 , (1062, "Duplicate entry '50424-200b19bf6e49b4978d71ae05effa897c60751929' for key 'PRIMARY'")2022-12-08 19:52:05 , (1062, "Duplicate entry '50427-23af2d0dc2e5b802d91aa1d63dec7698f7ac29f4' for key 'PRIMARY'")2022-12-08 19:52:06 , (1062, "Duplicate entry '50428-b7f9a4cb4ba9f5f812ffdad10cbe361bb509372e' for key 'PRIMARY'")2022-12-08 19:52:07 , (1062, "Duplicate entry '50430-3067d158ee232f51899da48574f0b30da54bf97f' for key 'PRIMARY'")2022-12-08 19:52:07 , (1062, "Duplicate entry '50431-a67c9b9a30815f7d602eb10563d1831e5863e062' for key 'PRIMARY'")2022-12-08 19:52:08 , (1062, "Duplicate entry '50432-6461963ba4c418d4921ec00b98f8c1c0d5945ea9' for key 'PRIMARY'")2022-12-08 19:52:09 , (1062, "Duplicate entry '50434-410262f963c6ff25875355d1b7885472fc89f84e' for key 'PRIMARY'")2022-12-08 19:52:09 , (1062, "Duplicate entry '50434-3838e485168ce10569b3022f33225a9722073efb' for key 'PRIMARY'")2022-12-08 19:52:10 , (1062, "Duplicate entry '50434-a9e6891cfdfd317e0e7ec7001287ad87316f987d' for key 'PRIMARY'")2022-12-08 19:52:10 , (1062, "Duplicate entry '50435-9cf7001e788f968afacf649209260abe29d6ccd3' for key 'PRIMARY'")2022-12-08 19:52:11 , (1062, "Duplicate entry '50442-ff4b550ddc5fb9f1525caca47553d1ff614d1915' for key 'PRIMARY'")2022-12-08 19:52:12 , (1062, "Duplicate entry '50444-56c7a7aa1d6fde7521972d6d9f0979129a98c083' for key 'PRIMARY'")2022-12-08 19:52:12 , (1062, "Duplicate entry '50446-ccf0faf8fb22c1deb67b5409684f84a6300e3f03' for key 'PRIMARY'")2022-12-08 19:52:13 , (1062, "Duplicate entry '50450-665d8d92fced9e681f6dca6a72f3a61dc9d5eeb7' for key 'PRIMARY'")2022-12-08 19:52:14 , (1062, "Duplicate entry '50451-17379a818a8038618969b91c2b35c87cedf55c10' for key 'PRIMARY'")2022-12-08 19:52:14 , (1062, "Duplicate entry '50456-40b318c3364e1706cdab1b7dd7aec0450dd77f01' for key 'PRIMARY'")2022-12-08 19:52:16 , (1062, "Duplicate entry '50462-f514cc43f4358e350d214f56b54e31996fd29d49' for key 'PRIMARY'")2022-12-08 19:52:17 , (1062, "Duplicate entry '50464-10ab653c2117cde8b9ec465c937934d3f43ec7ad' for key 'PRIMARY'")2022-12-08 19:52:17 , (1062, "Duplicate entry '50465-2adefc43dc103c75ba6db3be45318dad8086f024' for key 'PRIMARY'")2022-12-08 19:52:18 , (1062, "Duplicate entry '50468-6a5ff7beeaa5003994595e9eea487d2a5907f8de' for key 'PRIMARY'")2022-12-08 19:52:19 , (1062, "Duplicate entry '50468-630cc637cb28621b5fd5bc9607790fb015a918e8' for key 'PRIMARY'")2022-12-08 19:52:19 , (1062, "Duplicate entry '50469-7f6a27bf83dbce859bea6d0ce9d620f4d7b8774b' for key 'PRIMARY'")2022-12-08 19:52:20 , (1062, "Duplicate entry '50469-8ef1cf5debf856da5c732e3007f6933423033697' for key 'PRIMARY'")2022-12-08 19:52:21 , (1062, "Duplicate entry '50469-d3cc371eb38f8b915740a894b5b2b033aac8e8d5' for key 'PRIMARY'")2022-12-08 19:52:22 , (1062, "Duplicate entry '50469-2daf6b0a004e9ca64d9010efc0a7faf24253eb60' for key 'PRIMARY'")2022-12-08 19:52:22 , (1062, "Duplicate entry '50469-4e9b07934c794564663ee1b53fa82597836dac2e' for key 'PRIMARY'")2022-12-08 19:52:23 , (1062, "Duplicate entry '50485-4d8e38a2ea27460c2f0318234a4e3d616e56dc2d' for key 'PRIMARY'")2022-12-08 19:52:24 , (1062, "Duplicate entry '50485-07ae33ab721465b7a28f98ac6f6f8305244a1b00' for key 'PRIMARY'")2022-12-08 19:52:24 , (1062, "Duplicate entry '50489-1e1070c2bb99f41cc3ed8bea28dfdc20634d94be' for key 'PRIMARY'")2022-12-08 19:52:25 , (1062, "Duplicate entry '50491-58ac8516cd09fcdc23517c89b13e00fabadc6bbb' for key 'PRIMARY'")2022-12-08 19:52:26 , (1062, "Duplicate entry '50493-f89a6d3d6fc71ef006e9386f7977120a8bfbce3a' for key 'PRIMARY'")2022-12-08 19:52:26 , (1062, "Duplicate entry '50495-efb23ee0f6ec90d9f48590b59a87b04e5a3ee2d4' for key 'PRIMARY'")2022-12-08 19:52:27 , (1062, "Duplicate entry '50496-bbd799ce698cb7c4f54636296c1597b0eff38d39' for key 'PRIMARY'")2022-12-08 19:52:28 , (1062, "Duplicate entry '50496-84b93638999946a1afb5944164fba0e61f650c87' for key 'PRIMARY'")2022-12-08 19:52:28 , (1062, "Duplicate entry '50496-8ec8bc53a99fa09183174570c399527dd77580a9' for key 'PRIMARY'")2022-12-08 19:52:29 , (1062, "Duplicate entry '50496-8c82372aa7a0f0dfb18fe8fed32be5ba773e04ec' for key 'PRIMARY'")2022-12-08 19:52:30 , (1062, "Duplicate entry '50496-7d88138c9a2a691c0c9517cf494c55cd9fba390c' for key 'PRIMARY'")2022-12-08 19:52:31 , (1062, "Duplicate entry '50496-410fd069c854521fc90068bc627fab0dd262ec88' for key 'PRIMARY'")2022-12-08 19:52:31 , (1062, "Duplicate entry '50498-7408cb846292dc22deabffdd1b30d519a586c645' for key 'PRIMARY'")2022-12-08 19:52:32 , (1062, "Duplicate entry '50498-6ee7d01a22fe909cd6e2c1b86d05fafe8704ed11' for key 'PRIMARY'")2022-12-08 19:52:33 , (1062, "Duplicate entry '50499-139646b15d5cda10a018bc0224a11739c5f8f0c4' for key 'PRIMARY'")2022-12-08 19:52:33 , (1062, "Duplicate entry '50500-eb244d43754b86af0a4284d89f67c79d2cd09886' for key 'PRIMARY'")2022-12-08 19:52:34 , (1062, "Duplicate entry '50505-906fb4e6bd0c2f70f784819d819107c07c256578' for key 'PRIMARY'")2022-12-08 19:52:35 , (1062, "Duplicate entry '50505-10fbf5978078f8cef3b540961fac0d014f1727fb' for key 'PRIMARY'")2022-12-08 19:52:35 , (1062, "Duplicate entry '50505-9be5d2d5bce978b941eb172a43934592279549c7' for key 'PRIMARY'")2022-12-08 19:52:36 , (1062, "Duplicate entry '50506-3b20dd95399c0df0dccd292f1e169edf50106ee2' for key 'PRIMARY'")2022-12-08 19:52:37 , (1062, "Duplicate entry '50508-49499c17794b39a2a7d5be2b477ed7d5704d0629' for key 'PRIMARY'")2022-12-08 19:52:37 , (1062, "Duplicate entry '50515-365c87a4f069693170c3b0706b61bbdcb172e446' for key 'PRIMARY'")2022-12-08 19:52:38 , (1062, "Duplicate entry '50519-638140a045d35acc978115919d6d3b846e73cb3b' for key 'PRIMARY'")2022-12-08 19:52:39 , (1062, "Duplicate entry '50520-804d65b6d1d0020c9cebaff7917e41832a9cc4f5' for key 'PRIMARY'")2022-12-08 19:52:39 , (1062, "Duplicate entry '50523-08b625de447c893fbd794b811c0eb5b8c4410d01' for key 'PRIMARY'")2022-12-08 19:52:40 , (1062, "Duplicate entry '50527-8cf6c454f53aa49405f5cb82dfd9a1321f4d2e49' for key 'PRIMARY'")2022-12-08 19:52:40 , (1062, "Duplicate entry '50528-a132ffe90b165523ff7596cbb57138156a33ddb4' for key 'PRIMARY'")2022-12-08 19:52:41 , (1062, "Duplicate entry '50528-c227b8a98b1e84d5aa8765bc2832b88838d568ed' for key 'PRIMARY'")2022-12-08 19:52:42 , (1062, "Duplicate entry '50528-9e6d669c12339340b2fa17efa166346256a4972c' for key 'PRIMARY'")2022-12-08 19:52:42 , (1062, "Duplicate entry '50537-9bd57b10e2eca6a88e7c1dc01b4dac8bf045eeaa' for key 'PRIMARY'")2022-12-08 19:52:45 , (1062, "Duplicate entry '50537-be3f30335e30bf5e812f0cc5a80abdf72e353f59' for key 'PRIMARY'")2022-12-08 19:52:46 , (1062, "Duplicate entry '50537-e1c190f9177eb75a9fda005c4e89c492fb053c56' for key 'PRIMARY'")2022-12-08 19:52:47 , (1062, "Duplicate entry '50537-d44bab5898fd775cc7a1e29cfe08f0cec8ef78fd' for key 'PRIMARY'")2022-12-08 19:52:49 , (1062, "Duplicate entry '50537-a6e412b92b0032d3dffc033acdb7d665315e8a33' for key 'PRIMARY'")2022-12-08 19:52:50 , (1062, "Duplicate entry '50543-d74907775d7a22459d28aef88770cbe69ceb52b2' for key 'PRIMARY'")2022-12-08 19:52:50 , (1062, "Duplicate entry '50543-3bf126384f1c5b7697e3a9a5268c08e317b63b81' for key 'PRIMARY'")2022-12-08 19:52:51 , (1062, "Duplicate entry '50543-fe74169a1c56697ef5bcad6c7b66fb466a027a70' for key 'PRIMARY'")2022-12-08 19:52:52 , (1062, "Duplicate entry '50544-8c4a4fbd0b0dcbf2bfb5471d0b17eab936a5524a' for key 'PRIMARY'")2022-12-08 19:52:52 , (1062, "Duplicate entry '50547-0a910bfc687312e7ecc4c0d8ae049d96f8b92ef1' for key 'PRIMARY'")2022-12-08 19:52:53 , (1062, "Duplicate entry '50548-b659936d5d82287c04ef425c1d1dacf8bf634216' for key 'PRIMARY'")2022-12-08 19:52:53 , (1062, "Duplicate entry '50550-be07e04bbeab2a8e6c4ed11f1e4b50fc3ebaf610' for key 'PRIMARY'")